"id","code","name","account_type","reconcile","note","name@sv_SE","tax_ids"
"a101","101","Internt upparbetade immateriella anläggningstillgångar","liability_non_current",False,"På kontot redovisas nedlagda utgifter för internt upparbetade immateriella anläggningstillgångar.","Internt upparbetade immateriella anläggningstillgångar",""
"a1018","1018","Ackumulerade nedskrivningar, internt upparbetade immateriella anläggningstillgångar","liability_non_current",False,"Motkonto • 795 Nedskrivning av immateriella och materiella anläggningstillgångar • 796 Återföring av nedskrivning av immateriella och materiella anläggningstillgångar","Ackumulerade nedskrivningar, internt upparbetade immateriella anläggningstillgångar",""
"a1019","1019","Ackumulerade avskrivningar på internt upparbetade immateriella anläggningstillgångar","liability_non_current",False,"Motkonto • 791 Avskrivning på immateriella anläggningstillgångar","Ackumulerade avskrivningar på internt upparbetade immateriella anläggningstillgångar",""
"a102","102","Förvärvade immateriella anläggningstillgångar","liability_non_current",False,"På kontot redovisas utgifter för förvärvade immateriella anläggningstillgångar såsom koncessioner, patent, licenser och liknande rättigheter. Kontot kan vid behov underindelas.","Förvärvade immateriella anläggningstillgångar",""
"a1028","1028","Ackumulerade nedskrivningar, förvärvade immateriella anläggningstillgångar","liability_non_current",False,"Motkonto • 795 Nedskrivning av immateriella och materiella anläggningstillgångar • 796 Återföring av nedskrivning av immateriella och materiella anläggningstillgångar","Ackumulerade nedskrivningar, förvärvade immateriella anläggningstillgångar",""
"a1029","1029","Ackumulerade avskrivningar på förvärvade immateriella anläggningstillgångar","liability_non_current",False,"Motkonto • 791 Avskrivning på immateriella anläggningstillgångar","Ackumulerade avskrivningar på förvärvade immateriella anläggningstillgångar",""
"a107","107","Pågående arbete, immateriella anläggningstillgångar","liability_non_current",False,"Detta konto används för redovisning av utgifter som avser pågående arbeten vid förvärv eller utveckling av immateriella tillgångar. När arbetena färdigställts och tillgången kan tas i bruk ska utgifterna överföras till respektive tillgångskonto (konto 101-102).","Pågående arbete, immateriella anläggningstillgångar",""
"a111","111","Markreserv","liability_non_current",False,"På detta konto redovisas anskaffningsvärdet för kommunens markreserv inklusive bebyggda fastigheter och saneringsfastigheter där marken men inte byggnaden är avsedd för framtida bruk.","Markreserv",""
"a112","112","Verksamhetsfastigheter","liability_non_current",False,"På detta konto redovisas anskaffningsvärdet av verksamhetsfastigheter. Till anskaffningsvärdet räknas även sådan utrustning som är nödvändig för fastighetens allmänna funktion. Med verksamhetsfastigheter avses anläggningar där kommunen bedriver annan service än affärsverksamhet, till exempel förvaltningshus, skolor och förskolor, äldreboenden och fritidsanläggningar (t.ex. konstgräsplaner, motions- och elljusspår). Nedskrivningar samt planenliga avskrivningar krediteras underkonto:","Verksamhetsfastigheter",""
"a1128","1128","Ackumulerade nedskrivningar, verksamhetsfastigheter","liability_non_current",False,"Motkonto • 795 Nedskrivning av immateriella och materiella anläggningstillgångar • 796 Återföring av nedskrivning av immateriella och materiella anlägg-ningstillgångar","Ackumulerade nedskrivningar, verksamhetsfastigheter",""
"a1129","1129","Ackumulerade avskrivningar, verksamhetsfastigheter","liability_non_current",False,"Motkonto • 792 Avskrivning på mark, byggnader och anläggningar","Ackumulerade avskrivningar, verksamhetsfastigheter",""
"a113","113","Fastigheter för affärsverksamhet","liability_non_current",False,"På detta konto redovisas anskaffningsvärdet av fastigheter för affärsverksamhet. Till anskaffningsvärdet räknas även sådan utrustning som är nödvändig för fastighetens allmänna funktion. Med affärsverksamhet avses anläggningar som vattenverk, renhållningsverk, fjärrvärmeverk, elverk, hamnar med mera. Nedskrivningar samt planenliga avskrivningar krediteras underkonto:","Fastigheter för affärsverksamhet",""
"a1138","1138","Ackumulerade nedskrivningar, fastigheter för affärsverksamhet","liability_non_current",False,"Motkonto • 795 Nedskrivning av immateriella och materiella anläggningstillgångar • 796 Återföring av nedskrivning av immateriella och materiella anläggningstillgångar","Ackumulerade nedskrivningar, fastigheter för affärsverksamhet",""
"a1139","1139","Ackumulerade avskrivningar, fastigheter för affärsverksamhet","liability_non_current",False,"Motkonto • 792 Avskrivning på mark, byggnader och anläggningar","Ackumulerade avskrivningar, fastigheter för affärsverksamhet",""
"a114","114","Publika fastigheter","liability_non_current",False,"På detta konto redovisas anskaffningsvärdet för publika fastigheter. Med publika fastigheter avses anläggningar för allmänt offentligt bruk som gator, vägar och parker. Nedskrivningar samt planenliga avskrivningar krediteras underkonto:","Publika fastigheter",""
"a1148","1148","Ackumulerade nedskrivningar, publika fastigheter","liability_non_current",False,"Motkonto • 795 Nedskrivning av immateriella och materiella anläggningstillgångar • 796 Återföring av nedskrivning av immateriella och materiella anläggningstillgångar","Ackumulerade nedskrivningar, publika fastigheter",""
"a1149","1149","Ackumulerade avskrivningar, publika fastigheter","liability_non_current",False,"Motkonto • 792 Avskrivning på mark, byggnader och anläggningar","Ackumulerade avskrivningar, publika fastigheter",""
"a115","115","Övriga fastigheter","liability_non_current",False,"På detta konto redovisas anskaffningsvärdet för fastigheter som i första hand inte riktar sig till kommunens egen verksamhet till exempel hyresfastigheter, industrifastigheter, tomträttsmark och skogsmark. Här redovisas även anskaffningsvärdet för övriga fastigheter som till exempel fastigheter som kommunen äger i andra kommuner samt civilförsvarsanläggningar. Nedskrivningar samt planenliga avskrivningar krediteras underkonto:","Övriga fastigheter",""
"a1158","1158","Ackumulerade nedskrivningar, övriga fastigheter","liability_non_current",False,"Motkonto • 795 Nedskrivning av immateriella och materiella anläggningstillgångar • 796 Återföring av nedskrivning av immateriella och materiella anläggningstillgångar","Ackumulerade nedskrivningar, övriga fastigheter",""
"a1159","1159","Ackumulerade avskrivningar, övriga fastigheter","liability_non_current",False,"Motkonto • 792 Avskrivning på mark, byggnader och anläggningar","Ackumulerade avskrivningar, övriga fastigheter",""
"a117","117","Pågående ny-, till- och ombyggnad","liability_non_current",False,"Detta konto används för redovisning av utgifter som avser pågående arbeten vid uppförande av en ny byggnad eller teknisk anläggning. När arbetena färdigställts och tillgången kan tas i bruk ska utgifterna överföras till respektive tillgångskonto (konto 112–116). Detta konto används också för redovisning av utgifterna för pågående till- eller ombyggnad i egen regi av en äldre byggnad eller teknisk anläggning som ska räknas in i tillgångens/komponentens anskaffningsvärde. När sådana arbeten kan tas i bruk överförs utgifterna till respektive tillgångskonto (konto 112–116). I praktiken kan gränsdragningsproblem uppstå mellan åtgärder som ska räknas in i tillgångens/komponentens anskaffningsvärde och de som utgör driftkostnader. På kontot redovisas även exploateringsprojekt som ej ska avyttras dvs. redovisas som anläggningstillgång. Exploateringsprojekt som ska avyttras redovisas som omsättningstillgång, konto 147. Se idéskrift, Redovisning av kommunal markexploatering, från RKR. Arbeten so","Pågående ny-, till- och ombyggnad",""
"a121","121","Maskiner","liability_non_current",False,"Detta konto visar anskaffningsvärdet för arbetsmaskiner och större specialverktyg, exempelvis väghyvlar, grävmaskiner, svetsaggregat, maskiner för kök och tvätt med mera. Nedskrivningar samt planenliga avskrivningar krediteras underkonto:","Maskiner",""
"a1218","1218","Ackumulerade nedskrivningar, maskiner","liability_non_current",False,"Motkonto • 795 Nedskrivning av immateriella och materiella anläggningstillgångar • 796 Återföring av nedskrivning av immateriella och materiella anläggningstillgångar","Ackumulerade nedskrivningar, maskiner",""
"a1219","1219","Ackumulerade avskrivningar, maskiner","liability_non_current",False,"Motkonto • 793 Avskrivning på maskiner och inventarier","Ackumulerade avskrivningar, maskiner",""
"a122","122","Inventarier","liability_non_current",False,"På detta konto redovisas anskaffningsvärdet för inventarier. Med inventarier avses icke fast utrustning annan än maskiner, exempelvis möbler och övrig lokalutrustning. Vid behov kan underkontoindelning göras för markinventarier som t.ex. ledningar i ett stadsnät. Nedskrivningar samt planenliga avskrivningar krediteras underkonto:","Inventarier",""
"a1228","1228","Ackumulerade nedskrivningar på inventarier","liability_non_current",False,"Motkonto • 795 Nedskrivning av immateriella och materiella anläggningstillgångar • 796 Återföring av nedskrivning av immateriella och materiella anläggningstillgångar","Ackumulerade nedskrivningar på inventarier",""
"a1229","1229","Ackumulerade avskrivningar, inventarier","liability_non_current",False,"Motkonto • 793 Avskrivning på maskiner och inventarier","Ackumulerade avskrivningar, inventarier",""
"a123","123","Byggnadsinventarier","liability_non_current",False,"På detta konto förs de delar och tillbehör i en byggnad som är avsedda att direkt tjäna byggnadens användning för rörelseändamål. Ledningar som är en del av byggnadens allmänna funktion redovisas på fastigheten i kontogrupp 11 som komponent i fastigheten. Andra ledningar än sådana som behövs för byggnadens allmänna funktion redovisas på detta konto. Nedskrivningar samt planenliga avskrivningar krediteras underkonto:","Byggnadsinventarier",""
"a1238","1238","Ackumulerade nedskrivningar på byggnadsinventarier","liability_non_current",False,"konto • 795 Nedskrivning av immateriella och materiella anläggningstillgångar • 796 Återföring av nedskrivning av immateriella och materiella anläggningstillgångar","Ackumulerade nedskrivningar på byggnadsinventarier",""
"a1239","1239","Ackumulerade avskrivningar, byggnadsinventarier","liability_non_current",False,"Motkonto • 793 Avskrivning på maskiner och inventarier","Ackumulerade avskrivningar, byggnadsinventarier",""
"a124","124","Bilar och andra transportmedel","liability_non_current",False,"På detta konto redovisas anskaffningsvärdet för motordrivna fordon exempelvis personbilar, lastbilar, sopmaskiner. I anskaffningsvärdet för personbilar ingår även mervärdesskatt. Nedskrivningar samt planenliga avskrivningar krediteras underkonto:","Bilar och andra transportmedel",""
"a1248","1248","Ackumulerade nedskrivningar på bilar och andra transportmedel","liability_non_current",False,"Motkonto • 795 Nedskrivning av immateriella och materiella anläggningstillgångar • 796 Återföring av nedskrivning av immateriella och materiella anläggningstillgångar","Ackumulerade nedskrivningar på bilar och andra transportmedel",""
"a1249","1249","Ackumulerade avskrivningar, bilar och andra transportmedel","liability_non_current",False,"Motkonto • 793 Avskrivning på maskiner och inventarier","Ackumulerade avskrivningar, bilar och andra transportmedel",""
"a125","125","Pågående arbeten maskiner och inventarier","liability_non_current",False,"Detta konto används för redovisning av utgifter som avser pågående arbeten avseende maskiner och inventarier. När tillgången kan tas i bruk ska utgifterna överföras till respektive konto för maskiner och inventarier (konto 121–124).","Pågående arbeten maskiner och inventarier",""
"a126","126","Förbättringsutgifter på fastigheter ej ägda av kommunen","liability_non_current",False,"Detta konto används för redovisning av utgifter för ny-, till- eller ombyggnad på fastigheter ej ägda av kommunen, då fastighetsägaren, och inte nyttjanderättshavaren, omedelbart blir ägare till det som utförts/anskaffats. Är fastigheten avsedd att nyttjas under kortare tid än tre år ska förbättringsutgifterna kostnadsföras direkt om en sådan kostnadsföring inte i väsentlig grad påverkar bedömningen av verksamhetens resultat och ställning. Nedskrivningar samt planenliga avskrivningar krediteras underkonto:","Förbättringsutgifter på fastigheter ej ägda av kommunen",""
"a1268","1268","Ackumulerade nedskrivningar förbättringsutgifter","liability_non_current",False,"Motkonto • 795 Nedskrivning av immateriella och materiella anläggningstillgångar • 796 Återföring av nedskrivning av immateriella och materiella anläggningstillgångar","Ackumulerade nedskrivningar förbättringsutgifter",""
"a1269","1269","Ackumulerade avskrivningar, förbättringsutgifter","liability_non_current",False,"Motkonto • 793 Avskrivning på maskiner och inventarier","Ackumulerade avskrivningar, förbättringsutgifter",""
"a127","127","Byggnadsinventarier i annans fastighet","liability_non_current",False,"På detta konto redovisas anskaffningsvärdet för byggnads- och markinventarier samt andra inventarier i annans fastighet. Nedskrivningar samt planenliga avskrivningar krediteras underkonto:","Byggnadsinventarier i annans fastighet",""
"a1278","1278","Ackumulerade nedskrivningar, byggnadsinventarier i annans fastighet","liability_non_current",False,"Motkonto • 795 Nedskrivning av immateriella och materiella anläggningstillgångar • 796 Återföring av nedskrivning av immateriella och materiella anläggningstillgångar","Ackumulerade nedskrivningar, byggnadsinventarier i annans fastighet",""
"a1279","1279","Ackumulerade avskrivningar, byggnadsinventarier i annans fastighet","liability_non_current",False,"Motkonto • 793 Avskrivning på maskiner och inventarier","Ackumulerade avskrivningar, byggnadsinventarier i annans fastighet",""
"a128","128","Konst","liability_non_current",False,"På kontot redovisas inventarier som utgörs av konstföremål som tavlor, skulpturer och dylikt med obegränsad nyttjandeperiod. Bokför inte på kontot • Konst som är en fast del av byggnadens konstruktion redovisas på fastigheten i kontogrupp 11.","Konst",""
"a129","129","Övriga maskiner och inventarier","liability_non_current",False,"På detta konto redovisas andra maskiner och inventarier än de som omfattas av konto 121–128. Nedskrivningar samt planenliga avskrivningar krediteras underkonto:","Övriga maskiner och inventarier",""
"a1298","1298","Ackumulerade nedskrivningar, övriga maskiner och inventarier","liability_non_current",False,"Motkonto • 795 Nedskrivning av immateriella och materiella anläggningstillgångar • 796 Återföring av nedskrivning av immateriella och materiella anläggningstillgångar","Ackumulerade nedskrivningar, övriga maskiner och inventarier",""
"a1299","1299","Ackumulerade avskrivningar, övriga maskiner och inventarier","liability_non_current",False,"Motkonto • 793 Avskrivning på maskiner och inventarier","Ackumulerade avskrivningar, övriga maskiner och inventarier",""
"a132","132","Aktier och andelar","liability_non_current",False,"På detta konto redovisas aktier och andelar som stadigvarande innehas. Aktier och andelar i kommunens koncernföretag bör särredovisas. Aktier och andelar som förvärvats för kortfristig placering redovisas i förekommande fall på konto 182. Aktier och andelar efterfrågas av SCB i RS tillsammans med konto 137 Bostadsrätter. Även aktier och andelar i kommunens koncernföretag efterfrågas av SCB i RS.","Aktier och andelar",""
"a1321","1321","Aktier och andelar i kommunens koncernföretag","liability_non_current",False,"Aktier och andelar i kommunens koncernföretag efterfrågas av SCB i RS.","Aktier och andelar i kommunens koncernföretag",""
"a1329","1329","Värdereglering aktier och andelar","liability_non_current",False,"Motkonto • 8439 Återföring av värdereglering, finansiella anläggningstillgångar • 8519 Värdereglering, finansiella anläggningstillgångar","Värdereglering aktier och andelar",""
"a133","133","Obligationer, förlagsbevis m.m.","liability_non_current",False,"På detta konto redovisas obligationer, förlagsbevis med mera som förvärvats för långfristig placering. Observera att Certifikat redovisas på konto 134. Obligationer, förlagsbevis med mera, som förvärvats för kortsiktig placering redovisas på konto 183. Obligationer, förlagsbevis m.m. efterfrågas av SCB i RS tillsammans med konto 134 Certifikat. Obligationer, förlagsbevis med mera uppdelat på motpart efterfrågas i kreditmarknadsstatistiken till SCB.","Obligationer, förlagsbevis m.m.",""
"a1339","1339","Värdereglering obligationer, förlagsbevis m.m.","liability_non_current",False,"Motkonto • 8439 Återföring av värdereglering, finansiella anläggningstillgångar • 8519 Värdereglering, finansiella anläggningstillgångar","Värdereglering obligationer, förlagsbevis m.m.",""
"a134","134","Certifikat","liability_non_current",False,"På detta konto redovisas certifikat som förvärvats för långfristig placering. Obligationer, förlagsbevis med mera redovisas på konto 133. Certifikat, som förvärvats för kortsiktig placering, redovisas på konto 184. Certifikat efterfrågas av SCB i RS tillsammans med konto 133 Obligationer, förlagsbevis m.m. Certifikat uppdelat på motpart efterfrågas i kreditmarknadsstatistiken till SCB.","Certifikat",""
"a1349","1349","Värdereglering certifikat","liability_non_current",False,"Motkonton • 8439 Återföring av värdereglering, finansiella anläggningstillgångar • 8519 Värdereglering, finansiella anläggningstillgångar","Värdereglering certifikat",""
"a135","135","Långfristiga fordringar","liability_non_current",False,"Kontot används för redovisning av utlämnade lån eller andra fordringar med längre amorteringstid än ett år. Fordringar hos kommunens koncernföretag ska kunna särskiljas; antingen genom separat konto eller genom underindelning av detta konto. Långfristiga fordringar, dels totalt, dels hos kommunens koncernföretag, efterfrågas av SCB i RS. Bokför inte på kontot • Den del som ska amorteras under nästa räkenskapsår omföres i samband med bokslutet till konto 164 Kortfristig del av långfristiga fordringar.","Långfristiga fordringar",""
"a1351","1351","Långfristiga fordringar hos kommunens koncernföretag","liability_non_current",False,"Långfristiga fordringar hos kommunens koncernföretag efterfrågas av SCB i RS.","Långfristiga fordringar hos kommunens koncernföretag",""
"a1355","1355","Värde av kapitalförsäkring","liability_non_current",False,"Kontot debiteras för värdet av kapitalförsäkring när kommunen är ägare, t.ex. vid tecknande av kapitalförsäkring till förmån för anställda och förtroendevalda. Se vidare RKR:s information, mars 2020: ”Redovisning av kapitalförsäkringar i samband med direktpension till förmån för anställda och förtroendevalda”.","Värde av kapitalförsäkring",""
"a1359","1359","Värdereglering långfristiga fordringar","liability_non_current",False,"På kontot redovisas nedskrivningar av långfristiga fordringar som vid räkenskapsårets slut har ett lägre värde än anskaffningsvärdet. Även återföring av sådana nedskrivningar redovisas på kontot. Motkonton • 8439 Återföring av värdereglering, finansiella anläggningstillgångar • 8519 Värdereglering, finansiella anläggningstillgångar","Värdereglering långfristiga fordringar",""
"a137","137","Bostadsrätter","liability_non_current",False,"På kontot redovisas bostadsrätter för stadigvarande innehav. Bostadsrätter efterfrågas av SCB i RS tillsammans med konto 132 Aktier och andelar.","Bostadsrätter",""
"a1379","1379","Värdereglering bostadsrätter","liability_non_current",False,"Motkonton • 8439 Återföring av värdereglering, finansiella anläggningstillgångar • 8519 Värdereglering, finansiella anläggningstillgångar","Värdereglering bostadsrätter",""
"a138","138","Grundfondskapital","liability_non_current",False,"På detta konto redovisas det kapital som stiftaren (kommunen) tillskjutit, så kallat grundfondskapital. Beakta dock att stiftelser är fristående juridiska personer som inte kan ägas och att grundfondskapital endast i undantagsfall bör redovisas som tillgång i kommunen. Grundfondskapital efterfrågas av SCB i RS.","Grundfondskapital",""
"a1389","1389","Värdereglering grundfondskapital","liability_non_current",False,"Motkonton • 8439 Återföring av värdereglering, finansiella anläggningstillgångar • 8519 Värdereglering, finansiella anläggningstillgångar","Värdereglering grundfondskapital",""
"a139","139","Bidrag till infrastruktur","liability_non_current",False,"Kontot används för aktivering av bidrag till infrastruktur med stöd av 2 kap 1 § lagen om vissa kommunala befogenheter och sådana bidrag till inrättande av forskningsinfrastruktur som avses i 2 § andra stycket lagen (2009:47) om vissa kommunala befogenheter. Se även RKR Information ""Redovisning av medfinansiering av infrastruktur"" då avtalet innehåller klausul om indexreglering av det avtalade bidragsbeloppet. Bidrag till infrastruktur efterfrågas av SCB i RS. Motkonto • Ofta bör det bli aktuellt att använda konto 228 Andra avsättningar, som motkonto till denna aktivering.","Bidrag till infrastruktur",""
"a1399","1399","Ackumulerad upplösning, bidrag till infrastruktur","liability_non_current",False,"Bidrag till infrastruktur ska upplösas med årliga enhetliga belopp under högst 25 år. När bidraget är upplöst (kostnadsfört) i sin helhet ska det utrangeras från konto 139 och underkonto 1399. Motkonto • Upplösningen påbörjas det år bidraget beslutas och redovisas i resultaträkningen på underkonto 4542 Upplösning av aktiverat bidrag till infrastruktur.","Ackumulerad upplösning, bidrag till infrastruktur",""
"a141","141","Förråd och lager","liability_non_current",False,"Kontot används för inköp till och uttag ur förråd/lager. I bokslutet ska förråden inventeras och tas upp till det lägsta av verkligt värde eller anskaffningsvärde. Motkonto • Eventuella pris- eller kvantitetsdifferenser regleras på kontot med motkonto 4191, Värdeförändring av varor i förråd och lager.","Förråd och lager",""
"a147","147","Exploateringsfastigheter","liability_non_current",False,"Exploateringsfastighet som ska avyttras redovisas som en omsättningstillgång. Fastigheter som inte ska avyttras redovisas fram till färdigställandet som anläggningstillgång, konto 117 Pågående ny-, till- och ombyggnad, och därefter på aktuell fastighetstyp. Se även idéskrift från RKR, Redovisning av kommunal markexploatering. Motkonton • Utgifter i samband med inköp av exploateringsfastigheter bokförs på konto 4031 Inköp av mark, för att sedan aktiveras på konto 147. • Vid försäljning sker redovisning via konto 372 Försäljning av exploateringsfastigheter, samt konto 418 Anskaffningskostnad, försåld exploateringsfastighet, se konteringsanvisning till respektive konto. • Eventuell värdeförändring regleras på kontot med motkonto 4192 Värdeförändring omsättningstillgångar.","Exploateringsfastigheter",""
"a149","149","Tomträttsmark m.m.","liability_non_current",False,"På detta konto redovisas till exempel tomträttsmark avsedd att avyttras. Vid försäljning sker redovisning via konto 379 se konteringsanvisning till detta konto. Motkonto • Eventuell värdeförändring regleras på kontot med motkonto 4192, Värdeförändring omsättningstillgångar. Bokför inte på kontot • Tomträttsmark som inte ska avyttras redovisas som anläggningstillgång på konto 115 Övriga fastigheter.","Tomträttsmark m.m.",""
"a151","151","Kundfordringar","liability_non_current",False,"Kontot debiteras för utgående fakturor och krediteras för inbetalningar från kunder och kreditfakturor. Kundfordringar hos kommunens koncernföretag ska kunna särskiljas antingen genom att en annan koddel (motpart) utnyttjas, genom underindelning av kontot eller som särskilt konto. SCB efterfrågar i RS kundfordringar hos kommunens koncernföretag.","Kundfordringar",""
"a159","159","Värdereglering kundfordringar","liability_non_current",False,"På detta konto krediteras belopp som motsvarar nedskrivning på sådana kundfordringar som inte anses helt säkra och därför kräver speciell bevakning. Konto 159 är korrektivkonto till konto 151–158. Summan av konto 151–158 och konto 159 visar det bokförda värdet av kundfordringar. När förluster på kundfordringar slutligen konstaterats förs kvarvarande belopp på konto 151–158 och 159 bort. Motkonton • Vid nedskrivning debiteras konto 735 Kundförluster, som motkonto. • Om kommunen erhåller intäkter på tidigare avskrivna kundfordringar bokförs intäkten på konto 365 Återvunna, tidigare avskrivna kundfordringar förutsatt att det rör sig om ett nytt räkenskapsår. Återvunna kundfordringar där betalning erhålls samma räkenskapsår som kundförlusten redovisats, bokförs på ursprungligt intäktskonto. Se anvisningarna till konto 365.","Värdereglering kundfordringar",""
"a161","161","Fordringar hos anställda","liability_non_current",False,"På detta konto redovisas fordringar hos anställda, såsom reseförskott, lån till anställda, personliga förskott och övriga förskott till anställda samt anställdas löneskulder.","Fordringar hos anställda",""
"a163","163","Fordringar hos leverantörer","liability_non_current",False,"På detta konto redovisas fordringar hos leverantörer och andra intressenter, dels förskott och dels fordringar på grund av avtalsförhållanden.","Fordringar hos leverantörer",""
"a164","164","Kortfristig del av långfristiga fordringar","liability_non_current",False,"På detta konto redovisas kortfristig del av långfristiga fordringar som förfaller till betalning inom ett år.","Kortfristig del av långfristiga fordringar",""
"a165","165","Fordringar för statliga bidrag och kostnadsersättningar","liability_non_current",False,"Detta konto används för redovisning av fordringar hos staten avseende statsbidragsfordringar och kommunal fastighetsavgift. Här redovisas t.ex. fordran avseende särskild momsersättning inom kommunmomsen (6 % och 5 % respektive 18 %) vid köp av ej skattepliktig verksamhet. Även eventuell fordran som uppstår vid för hög debitering av preliminär särskild löneskatt och fastighetsavgift redovisas här liksom statsbidrag som avser flera år. Fordringar för statliga bidrag och kostnadsersättningar efterfrågas av SCB i RS. Motkonton • Motkontering för särskild momsersättning inom kommunmomsen sker på konto 356 Särskild momsersättning vid köp av ej skattepliktig verksamhet • Fordran som uppkommer vid periodisering av kommunal fastighetsavgift redovisas här och motbokas på konto 828 Kommunal fastighetsavgift. Bokför inte på kontot • Kommunalskattefordran redovisas på konto 178 Upplupna skatteintäkter. • Skuld vid periodisering av kommunal fastighetsavgift redovisas på konto 281 Skulder för statsbi","Fordringar för statliga bidrag och kostnadsersättningar",""
"a1651","1651","Avräkning för skatter och avgifter (skattekonto)","liability_non_current",False,"Kontot debiteras vid betalning till skattekontot och krediteras vid återbetalning från skattekontot och stäms av mot kontoutdrag från Skatteverket. Kontot debiteras även vid inbetalning av preliminärskatt enligt F-skattsedel. Kontot krediteras olika former av anställningsstöd som tillförs kommunen via skattekontot. Motkonton • Kontot debiteras/krediteras månadsvis vid upprättande av skattedeklaration med något eller några av kontona 168 Fordran mervärdesskatt, redovisningskonto, 268 Moms, redovisningskonto, 271 Personalens källskatt eller 272, Upplupna sociala avgifter och särskild löneskatt som motkonto. • Kostnadsränta, som beräknas på underskott som uppkommer på skattekontot, debiteras konto 852 Räntekostnader. Intäktsränta, som beräknas på överskott som uppkommer på skattekontot krediteras konto 844 Ränteintäkter. • Om saldot på kontot är negativt på balansdagen flyttas saldot till un-derkonto 2811 Avräkning för skatter och avgifter (Skattekonto). • Redovisning av momsersättningen ","Avräkning för skatter och avgifter (skattekonto)",""
"a1652","1652","Upplupna generella statsbidrag","liability_non_current",False,"Kontot används vid redovisning av fordran på staten avseende generella statsbidrag. Motkonton • Konto 829 Generella bidrag från staten","Upplupna generella statsbidrag",""
"a1653","1653","Upplupna riktade statsbidrag och kostnadsersättningar","liability_non_current",False,"Kontot används vid redovisning av fordran på staten avseende riktade statsbidrag och kostnadsersättningar. Motkonton • Konto 351 Kostnadsersättningar och riktade bidrag, ej investeringsbidrag • Konto 354 Ersättningar från Försäkringskassan för personliga assistenter Bokför inte på kontot • Upplupna intäkter avseende offentliga bidrag (investeringar) redovisas på konto 165 Fordringar för statliga bidrag och kostnadsersättningar.","Upplupna riktade statsbidrag och kostnadsersättningar",""
"a166","166","Andra kortfristiga fordringar","liability_non_current",False,"På detta konto redovisas andra kortfristiga fordringar än de som lagts upp på övriga konton i kontogruppen. Andra kortfristiga fordringar hos kommunens koncernföretag, exempelvis kortfristig utlåning, ska kunna särskiljas antingen genom underindelning av kontot, underkonto 1661, eller genom utnyttjandet av annan koddel (motpart).","Andra kortfristiga fordringar",""
"a1661","1661","Kortfristiga fordringar hos kommunens koncernföretag","liability_non_current",False,"","Kortfristiga fordringar hos kommunens koncernföretag",""
"a167","167","Ingående mervärdesskatt","liability_non_current",False,"På detta konto debiteras ingående mervärdesskatt – dels för skattskyldiga verksamheter, dels för så kallade skattefria verksamheter. Kommuner redovisar moms till Skatteverket i två olika system. Avdragsgill ingående moms för skattskyldiga verksamheter deklareras i momsdeklarationen och ansökan om ersättning för mervärdesskatt i skattefri verksamhet görs via särskild ansökan till Skatteverket i Jönköping. Vid redovisning till Skatteverket måste därför moms avseende skattskyldiga verksamheter skiljas från moms avseende skattefria verksamheter. För att underlätta redovisning av moms i enlighet med ovanstående beskrivning sker en ytterligare uppdelning på underkonton, se nedan och resp. underkonto. Även beräknad moms på tjänste- och varuförvärv vid omvänd skattskyldighet behöver särskiljas i förekommande fall (Se konto 1675 respektive 1678). Vid omvänd skattskyldighet ska köparen i sin momsdeklaration redovisa utgående moms vid köp av en vara eller tjänst. Detta gäller även vid import av v","Ingående mervärdesskatt",""
"a1671","1671","Ingående mervärdesskatt, skattskyldiga verksamheter","liability_non_current",False,"På detta underkonto debiteras avdragsgill ingående mervärdesskatt på anskaffningar till kommunens skattskyldiga verksamheter. Om inköp av tjänster eller varor sker från annat land till skattskyldiga verksamheter redovisas dessa på konto 1675.","Ingående mervärdesskatt, skattskyldiga verksamheter",""
"a1675","1675","Beräknad ingående mervärdesskatt vid omvänd skattskyldighet till skattskyldiga verksamheter","liability_non_current",False,"På detta underkonto redovisas ingående moms i skattskyldig verksamhet (vid omvänd skattskyldighet och import) avseende: • Inköp av varor från annat EU-land • Inköp av tjänster från annat EU-land • Inköp av tjänster från land utanför EU • Inköp av vissa varor och tjänster inom Sverige • Import av varor Denna moms redovisas i momsdeklarationen tillsammans med avdragsgill ingående moms. Motkonto • Det konto inom kontogrupp 26 där motsvarande utgående moms redovisas","Beräknad ingående mervärdesskatt vid omvänd skattskyldighet till skattskyldiga verksamheter",""
"a1677","1677","Momsersättning, skattefria verksamheter","liability_non_current",False,"På detta underkonto debiteras ingående moms på anskaffningar till kommunens skattefria verksamheter. Om inköp av tjänster eller varor sker från annat land till skattefria verksamheter redovisas dessa på konto 1678.","Momsersättning, skattefria verksamheter",""
"a1678","1678","Beräknad momsersättning vid omvänd skattskyldighet till skattefria verksamheter","liability_non_current",False,"På detta underkonto redovisas ingående moms i skattefri verksamhet (vid omvänd skattskyldighet och import) avseende: • Inköp av varor från annat EU-land • Inköp av tjänster från annat EU-land • Inköp av tjänster från land utanför EU • Inköp av vissa varor och tjänster inom Sverige • Import av varor Denna moms redovisas genom rekvisition, till Skatteverket i Jönköping, tillsammans med annan momsersättning i de skattefria verksamheterna. Motkonto • Det konto inom kontogrupp 26 där motsvarande utgående moms redovisas","Beräknad momsersättning vid omvänd skattskyldighet till skattefria verksamheter",""
"a1679","1679","Justering moms, investeringsvara","liability_non_current",False,"Kontot används för momsjustering vid överlåtelse eller ändrad användning av en investeringsvara. Beloppet tas upp i ruta 09 på Skatteverkets blankett ’Ansökan Ersättning för mervärdesskatt’. Motkonton • Motkonto är konto 3814 (Maskiner och inventarier) alternativt 3824 (Byggnader) vid vinst vid avyttring. • Vid förlust vid avyttring utgörs motkonto av konto 7814 (Maskiner och inventarier) alternativt 7824 (Byggnader).","Justering moms, investeringsvara",""
"a168","168","Fordran mervärdesskatt, redovisningskonto","liability_non_current",False,"Kontot används som momsredovisningskonto då kommunen redovisar högre ingående än utgående moms, det vill säga har en fordran på staten. För redovisning av moms till Skatteverket måste moms avseende skattskyldiga verksamheter skiljas från momsersättning avseende skattefria verksamheter. Denna uppdelning sker på underkonto enligt följande:","Fordran mervärdesskatt, redovisningskonto",""
"a1681","1681","Fordran mervärdesskatt, redovisningskonto skattskyldiga verksamheter","liability_non_current",False,"För skattskyldiga verksamheter har kommunen normalt en skatteskuld till staten vilken redovisas på konto 268. Har kommunen vid bokslut en fordran för mervärdesskatt ska (debet-) saldot överföras från konto 268 till underkonto 1681.","Fordran mervärdesskatt, redovisningskonto skattskyldiga verksamheter",""
"a1687","1687","Redovisningskonto momsersättning för kommunens skattefria verksamhet","liability_non_current",False,"Underkontot används för redovisning av momsersättning motsvarande den ingående mervärdesskatten för kommunens skattefria verksamheter. Hit förs saldot från konto 1677–1679.","Redovisningskonto momsersättning för kommunens skattefria verksamhet",""
"a169","169","Värdereglering av diverse kortfristiga fordringar","liability_non_current",False,"På detta konto krediteras belopp som motsvarar nedskrivning på fordringar som bedömts som osäkra. Motkonton • Vid nedskrivningar debiteras konto 738, Förluster på kortfristiga fordringar, som motkonto. • Konto 169 är korrektivkonto till konto 161–166. Summan av konto 161–166 och konto 169 visar det bokförda värdet av diverse kortfristiga fordringar.","Värdereglering av diverse kortfristiga fordringar",""
"a171","171","Förutbetalda kostnader","liability_non_current",False,"Detta konto är interimskonto för periodisering av exempelvis hyreskostnader, leasingkostnader eller försäkringskostnader som avser en kommande period.","Förutbetalda kostnader",""
"a174","174","Förutbetalda räntekostnader","liability_non_current",False,"Detta konto är interimskonto för periodisering av räntekostnader. Motkonto • Kontot debiteras vid räkenskapsperiodens slut för förutbetalda räntekostnader som avser en kommande period med konto 852 Räntekostnader, som motkonto.","Förutbetalda räntekostnader",""
"a175","175","Upplupna intäkter","liability_non_current",False,"Detta konto är interimskonto för periodisering av upplupna, ej debiterade, kundfordringar och andra intäkter som avser föregående period.","Upplupna intäkter",""
"a176","176","Upplupna ränteintäkter","liability_non_current",False,"Detta konto är interimskonto för periodisering av ränteintäkter. Hit förs även obligationsräntor från senaste ränteterminer. Motkonto • Kontot debiteras vid räkenskapsperiodens slut för upplupna ej erhållna ränteintäkter med konto 844 Ränteintäkter, som motkonto.","Upplupna ränteintäkter",""
"a178","178","Upplupna skatteintäkter","liability_non_current",False,"Detta konto är interimskonto för periodisering av skatteintäkter. Se rekommendation RKR R2 Intäkter. En positiv skatteavräkning för ett år ska inte kvittas mot en negativ skatteavräkning för ett annat år. Kontot kan underindelas för att särredovisa olika år. Upplupna skatteintäkter efterfrågas av SCB i RS. Motkonto • Kontot debiteras vid räkenskapsperiodens slut för upplupna ej erhållna skatteintäkter, dvs. en positiv skatteavräkning, med konto 805 Skatteavräkning som motkonto. Bokför inte på kontot • En negativ skatteavräkning, dvs. en skuld, redovisas på konto 298","Upplupna skatteintäkter",""
"a179","179","Övriga interimsfordringar","liability_non_current",False,"Detta konto är interimskonto för periodisering av andra förutbetalda kostnader och upplupna intäkter än de som omfattas av övriga konton i kontogruppen.","Övriga interimsfordringar",""
"a182","182","Aktier samt andelar i finansiella instrument","liability_non_current",False,"Kontot används för aktier och andra andelar som klassificeras som omsättningstillgång. Exempel är aktier samt andelar i investeringsfonder (aktie-, bland-, eller räntefonder där kommunen äger en andel i fonden). Aktier och andelar som förvärvats för långfristig placering redovisas på konto 132. Aktier och andelar efterfrågas av SCB i RS. För att hantera värderegleringar vid värdering till verkligt värde kan kontot indelas i underkonton enligt nedan:","Aktier samt andelar i finansiella instrument",""
"a1821","1821","Anskaffningsvärde, aktier samt andelar i finansiella instrument","liability_non_current",False,"","Anskaffningsvärde, aktier samt andelar i finansiella instrument",""
"a1829","1829","Värdereglering, aktier samt andelar i finansiella instrument","liability_non_current",False,"Kontot används om marknadsvärdet på balansdagen förändrats jämfört med föregående balansdag alternativt anskaffningstidpunkten om tillgången anskaffats under året. Värdereglering, aktier och andelar efterfrågas av SCB i RS. Motkonto • Motkonto för värderegleringen är 8468 Orealiserade vinster (verkligt värde), finansiella omsättningstillgångar eller 8568 Orealiserade förluster (verkligt värde), finansiella omsättningstillgångar.","Värdereglering, aktier samt andelar i finansiella instrument",""
"a183","183","Obligationer och andra värdepapper (exkl. certifikat)","liability_non_current",False,"Kontot används för obligationer, förlagsbevis med mera som klassificeras som omsättningstillgång. Exempel är obligationer, förlagsbevis, aktieindexobligationer och inflationsskyddade obligationer som kommunen äger direkt. Obligationsräntor bokförs som intäkt på konto 844 Ränteintäkter. Upplupna räntor från senaste ränteterminer till bokslutsdagen kan tas upp i balansräkningen som tillgång på konto 176 Upplupna ränteintäkter. Obligationer, förlagsbevis med mera som förvärvats för långsiktig placering redovisas på konto 133 Obligationer, förlagsbevis m.m. Obligationer, förlagsbevis m.m. efterfrågas av SCB i RS. För att hantera värderegleringar vid värdering till verkligt värde kan kontot indelas i underkonton enligt nedan:","Obligationer och andra värdepapper (exkl. certifikat)",""
"a1831","1831","Anskaffningsvärde, obligationer och andra värdepapper (exkl. certifikat)","liability_non_current",False,"","Anskaffningsvärde, obligationer och andra värdepapper (exkl. certifikat)",""
"a1839","1839","Värdereglering, obligationer och andra värdepapper (exkl. certifikat)","liability_non_current",False,"Kontot används om marknadsvärdet på balansdagen förändrats jämfört med föregående balansdag alternativt anskaffningstidpunkten om tillgången anskaffats under året. Värdereglering, obligationer, förlagsbevis m.m. efterfrågas av SCB i RS. Motkonto • Motkonto för värderegleringen är 8468 Orealiserade vinster (verkligt värde), finansiella omsättningstillgångar eller 8568 Orealiserade förluster (verkligt värde), finansiella omsättningstillgångar.","Värdereglering, obligationer och andra värdepapper (exkl. certifikat)",""
"a184","184","Certifikat","liability_non_current",False,"På detta konto redovisas certifikat som förvärvats för kortfristig placering. Obligationer, förlagsbevis med mera redovisas på konto 183. Certifikat efterfrågas av SCB i RS. För att hantera värderegleringar vid värdering till verkligt värde kan kontot indelas i underkonton enligt nedan:","Certifikat",""
"a1841","1841","Anskaffningsvärde, certifikat","liability_non_current",False,"","Anskaffningsvärde, certifikat",""
"a1849","1849","Värdereglering, certifikat","liability_non_current",False,"Kontot används om marknadsvärdet på balansdagen förändrats jämfört med föregående balansdag alternativt anskaffningstidpunkten om tillgången anskaffats under året. Värdereglering, certifikat efterfrågas av SCB i RS. Motkonto • Motkonto för värderegleringen är 8468 Orealiserade vinster (verkligt värde), finansiella omsättningstillgångar eller 8568 Orealiserade förluster (verkligt värde), finansiella omsättningstillgångar.","Värdereglering, certifikat",""
"a189","189","Övriga kortfristiga placeringar","liability_non_current",False,"På detta konto redovisas kortfristiga placeringar för vilka särskilda konton inte lagts upp i denna kontogrupp. Här redovisas t.ex. kortfristig placeringstillgång hänförlig till pensionsstiftelse.","Övriga kortfristiga placeringar",""
"a191","191","Kassa","liability_non_current",False,"Kontot används endast för kontanttransaktioner. Om flera separata kassor förekommer kan särskilda underkonton läggas upp för dessa Bokför inte på kontot • Anställdas handkassor och personliga förskott redovisas på konto 161 Fordringar hos anställda.","Kassa",""
"a192","192","Bank","liability_non_current",False,"En kommuns transaktionskonton benämns hos de olika bankerna på olika sätt till exempel bankkonto, affärskonto eller företagskonto. Till dessa konton kan vara kopplade olika typer av girofunktioner och/eller möjlighet till kredit. Varje enskild kommun bör därför använda (och benämna) kontona 192–195 i enlighet med sina egna behov. Kontot kan användas för kontokredit i kombination med konto 232 Kontokredit. Beroende på om kontokrediten utnyttjas eller ej bör, enligt god redovisningssed, redovisningen skifta mellan konto 192 Bank och konto 232 Kontokredit. Av praktiska skäl kan det vara lämpligt att löpande bokfö-ring endast sker på konto 192, trots att det innebär att tillgångskontot kan visa ett minussaldo. I samband med årsbokslut eller delårsrapport måste i sådana fall omföring ske av eventuellt minussaldo. Utnyttjade kontokrediter och byggnadskreditiv redovisas i balansräkningen som skuld och beviljat belopp inom linjen eller i not. Se även konteringsanvisningen till konto 232 Kontok","Bank",""
"a196","196","Bank, koncernkonto","liability_non_current",False,"Kontot är ett gemensamt konto för kommunkoncernen. Kontot utgör huvudkonto till en grupp underkonton för företagen vars syfte är att åstad-komma likviditetsutjämning mellan dessa och kommunen. Om kommunen är ensam kontoinnehavare gentemot banken ska kommunen redovisa hela tillgodohavandet på detta konto. Det är i sådant fall huvudkontots saldo som är kommunens fordran på eller skuld till banken. Om företagen tillsammans med kommunen gemensamt är kontoinnehavare gentemot banken redovisar företagen respektive kommunen sin andel av tillgodohavandet som Kassa och bank. Motkonton • Saldon på underkonton utgör företagens fordran på eller skuld till kommunen och redovisas på underkonto 1661 Kortfristiga fordringar hos kommunens koncernföretag, respektive konto 246 Kortfristiga skulder till kommunens koncernföretag, vid bokslut.","Bank, koncernkonto",""
"a197","197","Spärrade bankmedel","liability_non_current",False,"Kontot används exempelvis vid domstolsutfall där skadestånd utdömts och där processen ännu ej är klar.","Spärrade bankmedel",""
"a201","201","Eget kapital, ingående värde","liability_non_current",False,"Här redovisas det ingående värdet på eget kapital från föregående år. Kontot kan vid behov underindelas enligt nedan för att kunna särredovisa justeringar av eget kapital i enlighet med rekommendation R12 Byte av redovisningsprincip, ändringar i uppskattningar och bedömningar samt rättelse av fel. En sådan justering omförs mot konto 201 Eget kapital, ingående värde året efter justeringen.","Eget kapital, ingående värde",""
"a2019","2019","Justering av eget kapital, ingående värde","liability_non_current",False,"SCB efterfrågar eget kapital, ingående värde i RS.","Justering av eget kapital, ingående värde",""
"a202","202","Årets resultat","liability_non_current",False,"I samband med bokslutet krediteras kontot med årets överskott eller debiteras med årets underskott och motkonteras konto 890 Årets resultat. Årets resultat efterfrågas av SCB i RS.","Årets resultat",""
"a221","221","Avsättningar för pensioner","liability_non_current",False,"På detta konto redovisas pensionsförmåner intjänade från och med 1998 enligt den så kallade blandmodellen. Förmåner intjänade före 1998 ska däremot redovisas som en ansvarsförbindelse inom linjen. Skuldförändringen avser årets intjänade pensionsrättigheter samt värdesäkring av den skuld som upparbetats från och med 1998 (det vill säga bruttoökningen av pensionsskulden) minus utbetalda pensioner under året gällande pensioner som intjänats 1998 eller senare. I samband med bokslutet konteras förändringen av den bokförda pensionsskulden på konto 221 efter uppgift från pensionsadministratören. Avsättning för pensioner efterfrågas av SCB i RS. Motkonton • Motkontering görs dels på underkonto 5721 Förändring av pensionsavsättningar, dels på konto 853 Finansiell kostnad, förändring av pensionsavsättningar. Bokför inte på kontot • Upplupen pensionskostnad, avgiftsbestämd ålderspension, redovisas som kortfristig skuld på konto 296 Upplupen pensionskostnad, avgiftsbestämd ålderspension.","Avsättningar för pensioner",""
"a222","222","Avsättning för särskild avtalspension, visstidspension och liknande","liability_non_current",False,"På detta konto redovisas särskild avtalspension, visstidspension och liknande förpliktelser för anställda och förtroendevalda. I samband med bokslutet konteras förändringen av den bokförda skulden efter uppgift från pensionsadministratören. Här redovisas även avsättning för omställningsstöd enligt OPF-KL, liksom avgångsersättning (från och med aviserad avgång) enligt PBF-KL, med motkontering i kontogrupp 51 Löner ej arbetad tid. Avsättning för särskild avtalspension, visstidspension och liknande efterfrågas av SCB i RS. Motkonton • Motkontering görs dels på underkonto 5722 Förändring av avsättning för särskild avtalspension, visstidspension och liknande, dels i förekommande fall på konto 853 Finansiell kostnad, förändring av pensionsavsättningar (se rekommendation RKR R10 Pensioner). • Avsättning för ersättning som avser ej arbetad tid redovisas med motkonto 519 Övrigt, lön ej arbetad tid samt konto 561 Lagstadgade arbetsgivaravgifter.","Avsättning för särskild avtalspension, visstidspension och liknande",""
"a225","225","Avsättning för särskild löneskatt på pensioner","liability_non_current",False,"Här redovisas avsättning för särskild löneskatt. Den särskilda löneskatten på pensionerna ska periodiseras och redovisas enligt samma principer som gäller för pensioner enligt LKBR. Avsättning löneskatt efterfrågas av SCB i RS. Motkonton • Årets kostnad för särskild löneskatt på pensioner redovisas på konto 5635 Särskild löneskatt för pensioner. Bokför inte på kontot • Den upplupna löneskatten på den avgiftsbestämda ålderspensionen redovisas på underkonto 2933 Upplupen särskild löneskatt på avgiftsbestämd ålderspension. • Upplupen löneskatt på utbetalda pensioner redovisas på underkonto 2934 Upplupen särskild löneskatt på utbetalda pensioner.","Avsättning för särskild löneskatt på pensioner",""
"a228","228","Andra avsättningar","liability_non_current",False,"På kontot redovisas övriga avsättningar för vilka några särskilda konton inte lagts upp inom kontogruppen, t.ex. deponier/soptippar, bidrag till statlig infrastruktur eller utdömda viten. På underkonto 2281 redovisas avsättningar som görs för att i framtiden återställa deponier/soptippar. Vid behov kan kontot underindelas ytterligare för att särredovisa olika typer av avsättningar. Andra avsättningar efterfrågas av SCB i RS. Dessutom ska avsättningar för bidrag till infrastruktur särredovisas. Motkonto • Ursprunglig avsättning görs mot det konto som bäst speglar innebörden av den ekonomiska händelsen. • Vid ny bedömning av befintlig avsättning motbokas det konto som bäst speglar innebörden av den ekonomiska händelsen.","Andra avsättningar",""
"a2281","2281","Avsättning för återställande av deponier/soptippar","liability_non_current",False,"Avsättning för återställande av deponier/soptippar efterfrågas av SCB i RS.","Avsättning för återställande av deponier/soptippar",""
"a2282","2282","Avsättning för bidrag till infrastruktur","liability_non_current",False,"Avsättning för bidrag till infrastruktur efterfrågas av SCB i RS.","Avsättning för bidrag till infrastruktur",""
"a231","231","Obligationsprogram och förlagslån","liability_non_current",False,"Här redovisas långfristiga skulder som emitteras genom obligationsprogram och förlagsbevis utgivna av kommunen. Kontot kan vid behov underindelas för att specificera lån i svensk respektive utländsk valuta. Skulder i utländsk valuta omräknas efter växelkursen på balansdagen enligt 7 kap 9 § LKBR. Se anvisningarna till konto 848 Valutakursvinster och konto 858 Valutakursförluster. För valutasäkrade lån görs ingen omräkning, se rekommendation RKR R8 Derivat och säkringsredovisning. Obligations- och förlagslån efterfrågas av SCB i RS. Vid besvarandet av den kvartalsvisa kreditmarknadsstatistiken till SCB behövs uppdelning på lån i svensk respektive utländsk valuta.","Obligationsprogram och förlagslån",""
"a232","232","Kontokredit, långfristig del","liability_non_current",False,"Detta konto används för bankkonto med kredit, under förutsättning att beviljad kredit är långfristig. Här avses avtal med kreditinstitut om lån upp till visst belopp i form av kontokredit. Om någon del av kreditbeloppet ska amorteras inom det närmaste året, ska denna del redovisas som kortfristig skuld, konto 2428 Kontokredit, kortfristig del. Kreditavtalet är formellt av kortfristig natur, men eftersom sådana avtal för det mesta förnyas, eventuellt med viss amortering, betraktas kontokrediten som en långfristig kredit. Utnyttjade kontokrediter och byggnadskreditiv redovisas alltså i balansräkningen som skuld och beviljat belopp inom linjen eller i not. Se även konteringsanvisningen till konto 192 Bank. Ej nyttjad del av kreditlöften redovisas i not. Kontokredit efterfrågas av SCB i RS tillsammans med konto 239 Övriga långfristiga skulder. Motkonton • Beroende på om kontokrediten utnyttjas eller ej bör redovisningen skifta mellan konto 192 Bank och konto 232 Kontokredit. • Av praktiska","Kontokredit, långfristig del",""
"a234","234","Lån i banker och kreditinstitut","liability_non_current",False,"På detta konto redovisas långfristiga skulder till banker, hypoteksinstitut, kreditaktiebolag (t.ex. Kommuninvest), försäkringsinstitut och dylikt. Uppfylls inte villkoren för långfristiga skulder enligt rekommendation RKR R7 Finansiella tillgångar och finansiella skulder, redovisas den som kortfristig skuld på konto 242 Kortfristig del av långfristig skuld.","Lån i banker och kreditinstitut",""
"a2341","2341","Lån i svenska kronor (SEK)","liability_non_current",False,"Lån i banker och kreditinstitut i svenska kronor efterfrågas av SCB i RS.","Lån i svenska kronor (SEK)",""
"a2342","2342","Lån i utländsk valuta","liability_non_current",False,"Skulder i utländsk valuta omräknas efter växelkursen på balansdagen en-ligt 7 kap 9 § LKBR. Se anvisningarna till konto 848 Valutakursvinster och konto 858 Valutakursförluster. För valutasäkrade lån görs ingen omräkning, se rekommendation RKR R8 Derivat och säkringsredovisning. Långfristiga lån i utländsk valuta efterfrågas av SCB i RS.","Lån i utländsk valuta",""
"a236","236","Långfristiga skulder till koncernföretag","liability_non_current",False,"Här redovisas långfristiga skulder till kommunens koncernföretag. Långfristiga skulder till koncernföretag efterfrågas av SCB i RS.","Långfristiga skulder till koncernföretag",""
"a237","237","Långfristig leasingskuld","liability_non_current",False,"Här redovisas anskaffningsvärdet minskat med gjorda amorteringar på leasingskulden. Se rekommendation RKR R5 Leasing. Långfristiga leasingskulder efterfrågas av SCB i RS.","Långfristig leasingskuld",""
"a238","238","Skuld för avgifter samt offentliga bidrag (investeringar)","liability_non_current",False,"Här redovisas anläggnings- och anslutningsavgifter där kommunen har ett åtagande för att tillhandahålla framtida tjänster eller offentliga bidrag som avser att täcka investeringsutgifter av olika slag. Då de investeringsutgifter som avgifterna och de offentliga bidragen ska täcka har olika nyttjandeperioder, måste inkomsterna delas upp proportionellt i förhållande till nedlagda utgifter och beräknad nyttjandeperiod för de olika investeringsobjekten. Avgifterna och investeringsbidragen bokförs initialt som skuld på underkonton till detta konto. Se även RKR:s rekommendation RKR R2 Intäkter. I de fall en fond för framtida investeringar inom VA-verksamheten har byggts upp kan separata underkonton läggas upp för att hantera skulden (fonden) samt upplösningen av skulden (fonden). När de anläggningar som avgifterna och investeringsbidragen avser utrangeras ur kontogrupp 10, 11 eller 12 ska utrangering även ske på konto 238. Skuld för avgifter samt offentliga bidrag uppdelat på motparter efter","Skuld för avgifter samt offentliga bidrag (investeringar)",""
"a2383","2383","Skuld för anläggningsavgifter/ anslutningsavgifter","liability_non_current",False,"Anläggningsavgifter/anslutningsavgifter avser att täcka investeringsutgifter för anslutning av fastigheter till det kommunala vatten- och avloppsnätet där kommunen har ett åtagande för att tillhandahålla framtida tjänster. Anläggningsavgifter och anslutningsavgifter bokförs initialt som skulder på detta underkonto.","Skuld för anläggningsavgifter/ anslutningsavgifter",""
"a2384","2384","Ackumulerade upplösningar av anläggnings/ anslutningsavgifter","liability_non_current",False,"I takt med att anläggningarna som anläggnings/anslutningsavgifterna avser skrivs av upplöses (intäktsförs) anläggnings/anslutningsavgifterna på detta underkonto. Upplösning av skulder för anläggnings/anslutningsavgifter sker på underkonto 3122 Anläggningsavgifter/anslutningsavgifter.","Ackumulerade upplösningar av anläggnings/ anslutningsavgifter",""
"a2388","2388","Skuld för offentliga bidrag (investeringar)","liability_non_current",False,"Offentliga bidrag som avser att täcka investeringsutgifter bokförs initialt som skuld på detta underkonto. För definition av offentliga bidrag hänvisas till RKR R2 Intäkter. Här redovisas t.ex. statliga investeringsbidrag till gång- och cykelvägar samt övriga bidrag där bidragsgivaren tillskjuter medel för investering i en specifik tillgång. För att säkerställa att investeringsbidrag och upplösning av investeringsbidrag tas bort när anläggningstillgångarna utrangeras måste det var möjligt att härleda investeringsbidragen till de anläggningstillgångar som bidragen avser. Detta görs förslagsvis i anläggningsredovisningen. Ökningen på kontot i form av statliga investeringsbidrag efterfrågas av SCB som inkomster i RS i investeringsredovisningen.","Skuld för offentliga bidrag (investeringar)",""
"a2389","2389","Ackumulerade upplösningar av offentliga bidrag (investeringar)","liability_non_current",False,"I takt med att anläggningarna som investeringsbidragen avser skrivs av upplöses (intäktsförs) investeringsbidragen på detta underkonto. Upplösning av skulder för offentliga investeringsbidrag sker på konto 357 Offentliga bidrag (investeringar).","Ackumulerade upplösningar av offentliga bidrag (investeringar)",""
"a239","239","Övriga långfristiga skulder","liability_non_current",False,"Detta konto används för andra långfristiga skulder än som omfattas av konto 232–238, för vilka särskilda konton inte lagts upp i denna kontogrupp. Här redovisas även förutbetalda privata investeringsbidrag, förutbetalda gatukostnadsersättningar som tas ut enligt PBL 6 kap 24–27 §§ samt exploateringsersättningar som tas ut i enlighet med PBL 6 kap 39–42 §§, i de fall intäktskriterierna i RKR R2 Intäkter inte är uppfyllda. I takt med att de investeringar som ersättningarna avser färdigställs så intäktsförs ersättning-en och skulden på detta konto upplöses. Om någon del av den förutbetalda intäkten ska upplösas inom det närmaste året, ska denna del redovisas som kortfristig skuld, konto 242 Kortfristig del av långfristig skuld. Övriga långfristiga skulder efterfrågas av SCB i RS tillsammans med konto 232 Kontokredit, långfristig del.","Övriga långfristiga skulder",""
"a241","241","Kortfristiga låneskulder","liability_non_current",False,"På detta konto redovisas kortfristiga låneskulder, till exempel kortfristiga bank- och reverslån samt kortfristiga obligations- och förlagslån. Bokför inte på kontot • Kortfristig del av långfristiga skulder redovisas på konto 242. • Kortfristiga lån i utländsk valuta redovisas på konto 243.","Kortfristiga låneskulder",""
"a242","242","Kortfristig del av långfristig skuld","liability_non_current",False,"Detta konto används för kortfristig del av långfristiga skulder som redovisas på konto 231–236 samt 239. Enligt rekommendation RKR R7 Finansiella tillgångar och finansiella skulder, ska en långfristig skuld som förfaller till betalning inom tolv månader räknat från balansdagen även fortsättningsvis vara klassificerad som långfristig under förutsättning att samtliga villkor nedan är uppfyllda: a) den ursprungliga löptiden var längre än tolv månader b) kommunen har för avsikt att refinansiera skulden långfristigt och c) denna avsikt stöds av en överenskommelse om refinansiering eller en överenskommelse om ändrad amorteringsplan som träffats innan årsredovisningen eller delårsrapporten avlämnas. Uppfylls inte villkoren ovan redovisas skulden som kortfristig skuld på detta konto. Kortfristig del av långfristig skuld efterfrågas av SCB i RS. Motkonton • Konto 231 Obligations- och förlagslån • Konto 234 Lån i banker och kreditinstitut • Konto 239 Övriga långfristiga skulder","Kortfristig del av långfristig skuld",""
"a2421","2421","Obligationsprogram och förlagslån, kortfristig del","liability_non_current",False,"På kontot redovisas del av långfristiga obligationsprogram och förlagslån som ska amorteras inom det närmaste året. Motkonton • Konto 231 Obligationsprogram och förlagslån","Obligationsprogram och förlagslån, kortfristig del",""
"a2428","2428","Kontokredit, kortfristig del","liability_non_current",False,"På kontot redovisas utnyttjad kontokredit som bedöms som kortfristig samt del av långfristig kontokredit som ska amorteras inom det närmaste året. Motkonton • Konto 232 Kontokredit, långfristig del","Kontokredit, kortfristig del",""
"a243","243","Kortfristiga lån i utländsk valuta","liability_non_current",False,"Här redovisas kortfristiga lån från utländska långivare samt kortfristiga lån från svenska banker i utländsk valuta. Skulder i utländsk valuta omräknas efter växelkursen på balansdagen enligt 7 kap 9 § LKBR. För valutasäkrade lån görs ingen omräkning, se rekommendation R8 Derivat och säkringsredovisning. Se även anvisningarna till konto 848 Valutakursvinster och 858, Valutakursförluster. Motkonton • Konto 2342 Lån i utländsk valuta","Kortfristiga lån i utländsk valuta",""
"a244","244","Kortfristig del av leasingskuld","liability_non_current",False,"Här redovisas den del av leasingskulden för finansiell leasing som ska amorteras inom ett år. Motkonton • Konto 237 Långfristig leasingskuld","Kortfristig del av leasingskuld",""
"a246","246","Kortfristiga skulder till koncernföretag","liability_non_current",False,"På detta konto redovisas kortfristiga skulder till kommunens koncernföretag. Kortfristiga skulder till koncernföretag efterfrågas av SCB i RS. Motkonton • Konto 236 Långfristiga skulder till koncernföretag","Kortfristiga skulder till koncernföretag",""
"a249","249","Övriga kortfristiga skulder till kreditinstitut och kunder","liability_non_current",False,"Kontot används för övriga kortfristiga skulder till kreditinstitut och kunder för vilka några särskilda konton inte lagts upp inom kontogruppen.","Övriga kortfristiga skulder till kreditinstitut och kunder",""
"a251","251","Leverantörsskulder","liability_non_current",False,"På detta konto redovisas kommunens leverantörsskulder. Kontot krediteras vid mottagandet av leverantörsfakturor och debiteras vid betalning av dessa. Skulder i utländsk valuta omräknas enligt växelkursen på balansdagen. Värderegleringar redovisas på detta konto. Se även anvisningarna till konto 369 Övrig försäljning av tjänster och 769 Diverse övriga kostnader. Leverantörsskulder till kommunens koncernföretag ska kunna särskiljas genom förslagsvis annan koddel (motpart). Alternativt kan separat konto eller underindelning av konto nyttjas. Leverantörsskulder totalt och leverantörsskulder till kommunens koncernföretag (motpart 5–7) efterfrågas av SCB i RS.","Leverantörsskulder",""
"a261","261","Utgående moms, 25 %","liability_non_current",False,"Kontot krediteras med den utgående moms som ska uppgå till 25 % av beskattningsvärdet. Kontot kan vid behov underindelas i:","Utgående moms, 25 %",""
"a2611","2611","Utgående moms på försäljning inom Sverige, 25 %","liability_non_current",False,"","Utgående moms på försäljning inom Sverige, 25 %",""
"a2612","2612","Utgående moms på egna uttag (viss fastighetsskötsel), 25 %","liability_non_current",False,"","Utgående moms på egna uttag (viss fastighetsskötsel), 25 %",""
"a262","262","Utgående moms, 12 %","liability_non_current",False,"Kontot krediteras med den utgående moms som ska uppgå till 12 % av beskattningsvärdet. Kontot kan vid behov underindelas, se konto 261.","Utgående moms, 12 %",""
"a263","263","Utgående moms, 6 %","liability_non_current",False,"Kontot krediteras med den utgående moms som ska uppgå till 6 % av beskattningsvärdet. Kontot kan vid behov underindelas, se konto 261.","Utgående moms, 6 %",""
"a264","264","Utgående moms på varuförvärv från annat EU-land","liability_non_current",False,"Här redovisas summan av utgående moms, 25 %, 12 % och 6 %, som belöper på förvärv av varor som anskaffats med åberopande av kommunens momsregistreringsnummer, så kallat unionsinternt förvärv. Kontot kan vid behov underindelas efter skattesats. Motkonton • Konto 1675 Beräknad ingående mervärdesskatt på förvärv från utlandet till skattskyldiga verksamheter, eller • Konto 1678 Beräknad momsersättning på förvärv från utlandet till skattefria verksamheter","Utgående moms på varuförvärv från annat EU-land",""
"a265","265","Utgående moms på tjänsteförvärv från annat EU-land","liability_non_current",False,"Här redovisas summan av utgående moms, 25 %, 12 % och 6 %, som belöper på sådana förvärv av tjänster från annat EU-land för vilka kommunen är skattskyldig. Kontot kan vid behov underindelas efter skattesats. Motkonton • Konto 1675 Beräknad ingående mervärdesskatt på förvärv från utlandet till skattskyldiga verksamheter, eller • Konto 1678 Beräknad momsersättning på förvärv från utlandet till skattefria verksamheter","Utgående moms på tjänsteförvärv från annat EU-land",""
"a266","266","Utgående moms på varuförvärv från land utanför EU (import)","liability_non_current",False,"Här redovisas summan av utgående moms, 25 %, 12 % och 6 %, som belöper på förvärv av varor från land utanför EU (import) för vilka kommunen är skattskyldig. Kontot kan vid behov underindelas efter skattesats. Motkonton • Konto 1675 Beräknad ingående mervärdesskatt på förvärv från utlandet till skattskyldiga verksamheter, eller • Konto 1678 Beräknad momsersättning på förvärv från utlandet till skattefria verksamheter","Utgående moms på varuförvärv från land utanför EU (import)",""
"a267","267","Utgående moms på tjänsteförvärv från land utanför EU","liability_non_current",False,"Här redovisas summan av utgående moms, 25 %, 12 % och 6 %, som belöper på sådana förvärv av tjänster från land utanför EU för vilka kommunen är skattskyldig. Kontot kan vid behov underindelas efter skattesats. Motkonton • Konto 1675 Beräknad ingående mervärdesskatt på förvärv från utlandet till skattskyldiga verksamheter, eller • Konto 1678 Beräknad momsersättning på förvärv från utlandet till skattefria verksamheter","Utgående moms på tjänsteförvärv från land utanför EU",""
"a268","268","Moms, redovisningskonto","liability_non_current",False,"Kontot används som redovisningskonto när utgående moms överstiger ingående moms, det vill säga när kommunen har en skuld till staten. Kommunen har normalt en fordran på staten avseende momsersättning, vilken redovisas på konto 168 Fordran mervärdesskatt, redovisningskonto. För skattskyldiga verksamheter har kommunen normalt en skatteskuld till staten. Vid varje redovisningsperiod krediteras kontot med saldot från konto 261–266 och debiteras med saldot från konto 1671 och 1675. Kontot kan vid behov underindelas.","Moms, redovisningskonto",""
"a269","269","Särskilda punktskatter","liability_non_current",False,"På kontot redovisas olika typer av varuskatter, reklamskatt, energiskatt och dylikt. På underkonto 2691 redovisas avfallsskatt.","Särskilda punktskatter",""
"a2691","2691","Avfallsskatt","liability_non_current",False,"Kontot krediteras med beloppet för avfallsskatt enligt Lag om skatt på avfall (1999:673). Huvudregeln är att avfallsskatten ska bokföras som en skuld till staten till dess betalning sker.","Avfallsskatt",""
"a271","271","Personalens källskatt","liability_non_current",False,"Kontot används som avräkningskonto för de anställdas källskatter. Kontot krediteras med de anställdas källskatteavdrag i samband med löneutbetalningar och debiteras med de belopp som inbetalas till Skatteverket. Vid behov kan separat underkonto läggas upp för att särredovisa källskatt för pensionärer där pensionsförvaltare hanterar avdrag och inbetalning till skattekontot. Personalens källskatt efterfrågas av SCB i RS.","Personalens källskatt",""
"a272","272","Lagstadgade sociala avgifter och särskild löneskatt","liability_non_current",False,"På detta konto redovisas de lagstadgade sociala avgifter och eventuell särskild löneskatt som ska betalas den efterföljande månaden. Saldot på kontot redovisar senaste månadens skuld för sociala avgifter och särskild löneskatt. Kontot kan vid behov underindelas för att särredovisa sociala avgifter respektive särskild löneskatt. I samband med att avgifterna dras på skattekontot debiteras detta konto (se anvisningar till konto 561 Lagstadgade arbetsgivaravgifter). Lagstadgade sociala avgifter och särskild löneskatt efterfrågas av SCB i RS. Bokför inte på kontot • Upplupna sociala avgifter på upplupna löner och semesterlöner redovi-sas på konto 293 Upplupna sociala avgifter","Lagstadgade sociala avgifter och särskild löneskatt",""
"a273","273","Införsel","liability_non_current",False,"Kontot krediteras för gjorda införselavdrag och debiteras för de belopp som redovisas till Kronofogden.","Införsel",""
"a274","274","Lönsparande","liability_non_current",False,"Detta konto används som avräkningskonto vid lönsparande. Kontot krediteras för gjorda löneavdrag och debiteras när medlen utbetalas.","Lönsparande",""
"a275","275","Avtalsförsäkringar m.m.","liability_non_current",False,"Detta konto används som avräkningskonto för avtalsförsäkringspremier (grupplivförsäkring med mera). Motkonto • Konto 567 Avtalsförsäkringar","Avtalsförsäkringar m.m.",""
"a276","276","Fackföreningsavgifter","liability_non_current",False,"Detta konto används som avräkningskonto för fackföreningsavgifter. Kontot krediteras för gjorda avdrag för fackföreningsavgifter och debiteras vid inbetalning av dessa avgifter till fackföreningen.","Fackföreningsavgifter",""
"a279","279","Övriga löneavdrag","liability_non_current",False,"På detta konto redovisas övriga löneavdrag för vilka särskilda konton ej lagts upp i denna kontogrupp.","Övriga löneavdrag",""
"a281","281","Skulder för statsbidrag, fastighetsavgift, fastighetsskatt m.m.","liability_non_current",False,"Detta konto används för redovisning av skulder till staten avseende statsbidragsskulder samt skuld avseende fastighetsskatt. Även skuld vid periodisering av kommunal fastighetsavgift samt skuld vid för låg debitering av preliminär särskild löneskatt och fastighetsavgift redovisas här. Skulder för återbetalning av statsbidrag redovisas också här, vid behov kan särskilt underkonto läggas upp för sådana skulder. Skulder för statsbidrag, fastighetsavgift och fastighetsskatt efterfrågas av SCB i RS. Bokför inte på kontot • Fordran som uppkommer vid periodisering av kommunal fastighetsavgift redovisas på konto 165 Fordringar hos staten. • Kommunalskatteskulder redovisas på konto 298 Förutbetalda skatteintäkter.","Skulder för statsbidrag, fastighetsavgift, fastighetsskatt m.m.",""
"a2811","2811","Avräkning för skatter och avgifter (skattekonto)","liability_non_current",False,"Kontot används vid negativt saldo på skattekontot. Se konteringsinstruktionerna till underkonto 1651 Avräkning för skatter och avgifter (Skattekonto).","Avräkning för skatter och avgifter (skattekonto)",""
"a2812","2812","Förutbetalda generella statsbidrag","liability_non_current",False,"Kontot används vid redovisning av förutbetalda generella statsbidrag som avser kommande räkenskapsår.","Förutbetalda generella statsbidrag",""
"a2813","2813","Förutbetalda riktade statsbidrag och kostnadsersättningar","liability_non_current",False,"Kontot används vid redovisning av förutbetalda riktade statsbidrag och kostnadsersättningar från staten som avser kommande räkenskapsår.","Förutbetalda riktade statsbidrag och kostnadsersättningar",""
"a289","289","Andra kortfristiga skulder","liability_non_current",False,"På kontot redovisas andra kortfristiga skulder än de för vilka särskilda konton inte lagts upp i kontogrupp 24–28.","Andra kortfristiga skulder",""
"a291","291","Upplupna löner","liability_non_current",False,"Detta konto är ett interimskonto för periodisering av lönekostnader. De löneskulder som här redovisas avser inarbetade löner som ännu ej utbetalats vid bokslutstidpunkten. Upplupna löner kan vid behov underindelas, till exempel: • Retroaktiva löner • Okompenserad övertid Motkonto • Kontot krediteras vid räkenskapsperiodens slut för upplupna ännu ej utbetalda löner med konto 505 Upplupna löner, som motkonto. Bokför inte på kontot • Upplupna semesterlöner redovisas på konto 292 Upplupna semester-löner och upplupna sociala avgifter redovisas på konto 293 Upplupna sociala avgifter.","Upplupna löner",""
"a292","292","Upplupna semesterlöner","liability_non_current",False,"Detta konto är interimskonto för periodisering av ferie-, uppehålls- och semesterlöner, det vill säga semesterlöneskuld. Upplupna semesterlöner efterfrågas av SCB i RS. Motkonto • Kontot krediteras med upplupna semesterlöner med konto 511 Semesterlön, som motkonto. Bokför inte på kontot • Okompenserad övertid redovisas på konto 291 Upplupna löner. • Sociala avgifter för semesterlöneskulden redovisas på konto 293 Upplupna sociala avgifter.","Upplupna semesterlöner",""
"a293","293","Upplupna sociala avgifter","liability_non_current",False,"På detta konto redovisas beräknade upplupna sociala avgifter som avser periodiserade löner och semesterlöner, det vill säga sådana upplupna kost-nader som redovisas som skuld på konto 291 Upplupna löner, och 292 Upplupna semesterlöner. Upplupna sociala avgifter efterfrågas av SCB i RS.","Upplupna sociala avgifter",""
"a2931","2931","Upplupna sociala avgifter","liability_non_current",False,"På kontot redovisas beräknade upplupna sociala avgifter avseende periodiserade löner och semesterlöner. Bokför inte på kontot • Lagstadgade sociala avgifter som rapporteras månadsvis till Skattever-ket och betalas den efterföljande månaden redovisas på konto 272 Lagstadgade sociala avgifter och särskild löneskatt.","Upplupna sociala avgifter",""
"a2933","2933","Upplupen särskild löneskatt, avgiftsbestämd ålderspension","liability_non_current",False,"På detta underkonto redovisas den upplupna löneskatten för den avgiftsbestämda ålderspensionen (se anvisningar till konto 563 Löneskatt). Upplupen särskild löneskatt på pensioner efterfrågas av SCB i RS.","Upplupen särskild löneskatt, avgiftsbestämd ålderspension",""
"a2934","2934","Upplupen särskild löneskatt på utbetalda pensioner","liability_non_current",False,"På detta underkonto redovisas den upplupna löneskatten för utbetalda pensioner.","Upplupen särskild löneskatt på utbetalda pensioner",""
"a2935","2935","Upplupen särskild löneskatt på försäkringsavgifter och försäkringslösningar","liability_non_current",False,"På detta underkonto redovisas den upplupna löneskatten för försäkringspremier för särskilt tecknade pensionsförsäkringar samt försäkringslösningar för pensioner som tecknats för en grupp anställda eller som individuella lösningar. Även särskild löneskatt på pensionskostnader genom löneväxling redovisas här.","Upplupen särskild löneskatt på försäkringsavgifter och försäkringslösningar",""
"a294","294","Upplupna räntekostnader","liability_non_current",False,"Detta konto är interimskonto för periodisering av diverse ränteutgifter. Upplupna, ännu ej betalda räntekostnader redovisas här. Motkonto • Konto 852 Räntekostnader","Upplupna räntekostnader",""
"a295","295","Förutbetalda hyresintäkter","liability_non_current",False,"Detta konto är interimskonto för periodisering av förutbetalda hyresintäkter. Motkonto • Konto 341 Bostads- och lokalhyror","Förutbetalda hyresintäkter",""
"a296","296","Upplupen pensionskostnad, avgiftsbestämd ålderspension","liability_non_current",False,"Här redovisas upplupna pensionskostnader för avgiftsbestämd ålderspension. För KAP-KL återfinns i årsbokslutet en uppbokning för hela räkenskapsårets avgifter. Dessa regleras genom en faktura i mars året efter. För AKAP-KL sker kvartalsförmedling, där det under innevarande år faktureras två kvartal. I årsbokslutet återfinns resterande del (50 %) av räkenskapsårets avgifter uppbokade. Dessa regleras genom faktura i mars respektive juni året efter. Från 2023 gäller avtalet AKAP-KR med samma rutin för kvartalsförmedling som tidigare AKAP-KL. Om man önskar separera avtalen kan underkonton läggas upp enligt följande: • 2961 Avgiftsbestämd pension, KAP-KL • 2962 Avgiftsbestämd pension, AKAP-KL/AKAP-KR Vid behov kan två separata underkonton användas för AKAP-KL/AKAP-KR för att särskilja skulden för innevarande och tidigare år. Upplupen pensionskostnad avgiftsbestämd ålderspension efterfrågas av SCB i RS. Motkonto • Konto 575 Pensionskostnad, avgiftsbestämd ålderspension Bokför inte på kontot ","Upplupen pensionskostnad, avgiftsbestämd ålderspension",""
"a297","297","Upplupna pensionskostnader, försäkringsavgifter och försäkringslösningar","liability_non_current",False,"På detta konto redovisas de upplupna kostnader som kommunen har för försäkringspremier för särskilt tecknade pensionsförsäkringar samt försäkringslösningar för pensioner.","Upplupna pensionskostnader, försäkringsavgifter och försäkringslösningar",""
"a298","298","Förutbetalda skatteintäkter","liability_non_current",False,"Detta konto är interimskonto för periodisering av skatteintäkter. Här redovisas den slutavräkning som sker kollektivt för kommunsektorn. En negativ skatteavräkning, det vill säga en återbetalning av för mycket preliminärt utbetalda skatteintäkter, ska redovisas som en intäktsminskning. Se rekommendation RKR R2 Intäkter. En positiv skatteavräkning för ett år ska inte kvittas mot en negativ skatteavräkning för ett annat år. Kontot kan underindelas för att särredovisa olika år. Förutbetalda skatteintäkter efterfrågas av SCB i RS. Motkonto • Konto 805 Skatteavräkning Bokför inte på kontot • En positiv skatteavräkning, dvs. en fordran, redovisas på konto 178.","Förutbetalda skatteintäkter",""
"a299","299","Övriga interimsskulder","liability_non_current",False,"Detta konto är interimskonto för periodisering av andra upplupna kostnader och förutbetalda intäkter än de som omfattas av konto 291–298. Här redovisas till exempel upplupna avgifter för kompletterande pensionsförsäkringar och andra kollektiva avgifter med mera. På detta konto redovisas även skulder för levererade varor och tjänster som vid bokslutstidpunkten ej fakturerats. I fall det uppstår överskott (skuld) till avgiftskollektiv som ska regleras utgör detta en förutbetald intäkt som redovisas på detta konto. Regleringen ska ske så snart som möjligt där treårsgränsen utgör en bortre gräns. I grunden är skulden kortfristig, men om man gör bedömningen att en del av överskottet kommer att regleras över längre tid än ett år kan den lång-fristiga delen hänföras till konto 239 Övriga långfristiga skulder. Vid behov kan separat underkonton läggas upp för förutbetalda intäkter för t.ex. VA- eller avfallskollektivet.","Övriga interimsskulder",""
"a301","301","Försäljningsintäkter","liability_non_current",False,"På detta konto redovisas intäkter avseende försäljning av varor och material.","Försäljningsintäkter",mp1
"a311","311","Förrättnings- och granskningsavgifter","liability_non_current",False,"På detta konto redovisas så kallade förrättnings- och granskningsavgifter, exempelvis bygglovsavgifter, livsmedelskontroll eller andra avgifter som uttas i samband med myndighetsutövning. För att underlätta intäktsuppföljningen kan kontot underindelas i fasta och rörliga förrättnings- och granskningsavgifter. Förrättnings- och granskningsavgifter efterfrågas av SCB i RS.","Förrättnings- och granskningsavgifter",""
"a312","312","Anslutnings- och anläggningsavgifter","liability_non_current",False,"På detta konto redovisas avgifter som t.ex. gatukostnadsersättningar enligt PBL 6 kap. 24-27 §§ och, anslutnings- och anläggningsavgifter inom till exempel VA-verksamheten. Enligt rekommendation RKR R2 Intäkter ska anslutningsavgifter och anläggningsavgifter först skuldföras, för att sedan upplösas (intäktsföras) i takt med att investeringarna som ersättningarna och avgifterna avser skrivs av under sina nyttjandeperioder. Anslutnings- och anläggningsavgifter efterfrågas av SCB i RS. För investeringsinkomster efterfrågas uppgiften uppdelad på motpart.","Anslutnings- och anläggningsavgifter",""
"a3121","3121","Gatukostnadsersättningar (PBL)","liability_non_current",False,"På detta underkonto redovisas gatukostnadsersättningar som beräknas och fastställs i enlighet med reglerna i PBL 6 kap. 24-27 §§. Gatukostnadsersättningen intäktsredovisas enligt RKR:s rekommendation R2 Intäkter i takt med att kriterierna för att redovisa intäkten är uppfyllda, dvs. i takt med att investeringen som ersättningen avser att finansiera färdigställs. Om investeringen inte är färdigställd och kriterierna för intäktsredovisning inte är uppfyllda så skuldförs ersättningen på konto 239 Övriga långfristiga skulder. Bokför inte på kontot • Ersättningar för finansiering av investeringar i gator m.m. inom ramen för exploateringsavtal enligt PBL 6 kap 39-42 §§ redovisas på konto 373 Övriga ersättningar, exploateringsverksamhet.","Gatukostnadsersättningar (PBL)",""
"a3122","3122","Anläggningsavgifter/ anslutningsavgifter","liability_non_current",False,"På detta konto redovisas anslutnings- och anläggningsavgifter inom VA-verksamheten. Enligt rekommendation RKR R2 Intäkter ska sådana anslutningsavgifter och anläggningsavgifter först skuldföras, för att sedan upplösas (intäktsföras) i takt med att investeringarna som ersättningarna och avgifterna avser skrivs av under sina nyttjandeperioder. Det gäller även i de fall kommunen istället för att ta ut anslutningsavgift övertar VA-ledningar från exploatören i samband med exploatering. Anslutningsavgifter och anläggningsavgifter skuldförs till att börja med på underkonto 2383 Skuld för anläggningsavgifter/ anslutningsavgifter. Motkonto • Den upplösning (intäktsföring) av anslutningsavgifter/anläggningsavgifter som sker på underkonto 2384 Ackumulerade upplösningar av anläggnings-/anslutningsavgifter, motbokas här.","Anläggningsavgifter/ anslutningsavgifter",""
"a3123","3123","Upplösning av medel för investeringar inom VA-verksamheten","liability_non_current",False,"På detta konto redovisas upplösningen av medel ur fond för framtida investeringar inom VA-verksamheten. Fond för framtida investeringar skuldförs till att börja med på underkonto, separat under konto 238. Motkonto • Den upplösning (intäktsföring) av fond för framtida investeringar som sker på konto 238 motbokas här.","Upplösning av medel för investeringar inom VA-verksamheten",""
"a313","313","Övriga taxor och avgifter","liability_non_current",False,"På detta konto redovisas övriga taxor och avgifter för de tjänster och den service som kommunen tillhandahåller kommuninvånarna, som till exempel taxor och avgifter för barnomsorg, hemtjänst, el, värme, vatten, renhållning, parkering och kollektivtrafik. På detta konto redovisas även olika former av plikt- och förseningsavgifter från bibliotek samt felparkeringsavgifter och avgifter för olika former av tillståndsgivning. För att underlätta intäktsuppföljningen kan kontot underindelas i fasta och rörliga taxor och avgifter. Momsredovisningen kan underlättas om en åtskillnad görs mellan momspliktiga och ej momspliktiga avgifter. Övriga taxor och avgifter efterfrågas av SCB i RS. För verksamheterna förskola och fritidshem efterfrågar SCB uppgifter för avgiftsintäkter som kommunen erhåller för verksamhet som bedrivs av annan utförare än kommunen. Bokför inte på kontot • Förrättnings- och granskningsavgifter i samband med myndighetsutövning redovisas under konto 311. • Om kommunen erhåller ","Övriga taxor och avgifter",""
"a341","341","Bostads- och lokalhyror","liability_non_current",False,"På detta konto bokförs intäkter som avser uthyrning av bostäder och andra lokaler. Observera att även hyresintäkter från boende vid kommunens särskilda boendeformer redovisas här. Bostads- och lokalhyror efterfrågas av SCB i RS.","Bostads- och lokalhyror",""
"a342","342","Markhyror och arrenden m.m.","liability_non_current",False,"På detta konto redovisas intäkter från uthyrning/arrenden av mark, det vill säga fastighet utan byggnad. Här redovisas även tomträttsavgälder. Markhyror och arrenden efterfrågas av SCB i RS.","Markhyror och arrenden m.m.",""
"a343","343","Fordons- och maskinhyror","liability_non_current",False,"På detta konto redovisas intäkter från uthyrning av fordon och arbetsmaskiner.","Fordons- och maskinhyror",""
"a344","344","Hyror för inventarier och material","liability_non_current",False,"På detta konto redovisas intäkter från uthyrning av inventarier och material.","Hyror för inventarier och material",""
"a345","345","Tillfälliga lokalupplåtelser","liability_non_current",False,"På detta konto redovisas intäkter från mera tillfälliga uthyrningar av lokaler och anläggningar, exempelvis uthyrning av gymnastiksalar, idrottsanläggningar och sammanträdesrum.","Tillfälliga lokalupplåtelser",""
"a349","349","Övriga hyror och arrenden","liability_non_current",False,"På detta konto redovisas övriga hyror och arrenden för vilka särskilda konton inte lagts upp i denna kontogrupp. Här redovisas t.ex. hyresintäkter från campingplatser, intäkter från arrendeavtal samt parkeringsplatser.","Övriga hyror och arrenden",""
"a351","351","Kostnadsersättningar och riktade bidrag, ej investeringsbidrag","liability_non_current",False,"På detta konto redovisas verksamhetsanknutna intäkter i form av driftbidrag från staten, statliga myndigheter, regioner, kommunalförbund, SKR samt kommuner. Här redovisas till exempel statsbidrag för maxtaxa för skolverksamhet och skolbarnomsorg, driftbidrag för arbetsmarknadspolitiska åtgärder, lönebidrag, ersättningar från stiftelsen Omställningsfonden för genomförda omställningsinsatser, miljöbidrag samt bidrag för flykting- och integrationsverksamhet. Även statens ersättning för del av kommunens kostnader för omställningsförsäkringen KOM-KR redovisas på kontot. Om den särredovisning på motpart som SCB efterfrågar i RS inte kan lösas via koddelen motpart kan underkonton läggas upp i koddelen konto för de olika motparterna. SCB efterfrågar i RS driftbidrag med redovisning på motpart staten och statlig myndighet (81) samt stiftelser (85) och summan av motpart kommuner (82), kommunalförbund och SKR (83) och regioner(84). I RS efterfrågas även driftbidrag från staten och statliga myndig","Kostnadsersättningar och riktade bidrag, ej investeringsbidrag",""
"a352","352","Bidrag/gåvor från privata aktörer","liability_non_current",False,"Här redovisas bidrag från privata aktörer (t.ex. privata företag, föreningar, stiftelser, enskilda personer) samt gåvor som erhålles utan ersättning eller ersättning som väsentligt understiger tillgångens verkliga värde. Det verkliga värdet av gåvan eller mellanskillnaden mellan verkligt värde och den ersättning kommunen erlagt för tillgången redovisas som intäkt på detta konto. Här redovisas t.ex. sponsring från företag, stiftelser och andra privata aktörer vid arrangemang. Kontot kan vid behov underindelas för att specificera olika bidrag och gåvor. Bidrag/gåvor från privata aktörer efterfrågas av SCB i RS tillsammans med konto 359 Övriga bidrag. Motkonto • För gåva som avser anläggningstillgång görs motbokning på konto i kontogrupp 40 eller direkt på aktuellt tillgångskonto. Bokför inte på kontot • Försäljning av exploateringsfastigheter redovisas på konto 372 Försälj-ning av exploateringsfastigheter. • Ersättningar från exploateringsavtal som tas ut enligt reglerna i PBL 6 kap. 39–","Bidrag/gåvor från privata aktörer",""
"a354","354","Ersättningar från Försäkringskassan för personliga assistenter","liability_non_current",False,"På detta konto bokförs erhållna ersättningar från Försäkringskassan som avser personliga assistenter. Retroaktiva ersättning som betalas ut från Försäkringskassan till privat utförare som de sedan vidareförmedlar till kommunen, redovisas också här. Betalningar från och till Försäkringskassan ska bruttoredovisas via konto 354 Ersättningar från Försäkringskassan för personliga assistenter, och underkonto 4538 Ersättning till försäkringskassan för personliga assistenter. På dessa konton ska bara transaktioner med motpart Försäkringskassan (815) bokföras, alltså även ersättningar som vidareförmedlas av privat utförare. Ersättningar från Försäkringskassan för personliga assistenter efterfrågas av SCB i RS.","Ersättningar från Försäkringskassan för personliga assistenter",""
"a356","356","Särskild momsersättning","liability_non_current",False,"Här redovisas den särskilda momsersättning (6 % och 5 % respektive 18 %) som kommunen erhåller för köp av ej skattepliktig verksamhet samt vid hyra av lokaler för särskilt boende. Särskild momsersättning vid köp av ej skattepliktig verksamhet efterfrågas av SCB i RS. Motkonto • Motbokning sker på konto 165 Fordringar hos staten.","Särskild momsersättning",""
"a357","357","Offentliga bidrag (investeringar)","liability_non_current",False,"Enligt RKR:s rekommendation R2 Intäkter ska offentliga investeringsbidrag först skuldföras, vilket sker på konto 2388 Skuld för offentliga bidrag (investeringar), för att sedan upplösas (intäktsföras) i takt med att investeringarna skrivs av över sina nyttjandeperioder. Den upplösning (intäktsföring) av bidrag som sker på underkonto 2389 redovisas på detta konto. Offentliga bidrag till investeringar efterfrågas av SCB i RS uppdelat på motpart. Motkonto • Motkontering sker på underkonto 2389 Ackumulerade upplösningar av offentliga bidrag (investeringar).","Offentliga bidrag (investeringar)",""
"a358","358","EU-bidrag","liability_non_current",False,"På detta konto bokförs driftbidrag från EU. EU-bidrag efterfrågas av SCB i RS. Bokför inte på kontot • Bidrag från EU hänförliga till en investering redovisas på konto 357 Of-fentliga bidrag (investeringar).","EU-bidrag",""
"a359","359","Övriga bidrag","liability_non_current",False,"På detta konto redovisas övriga bidrag för vilka särskilda konton inte lagts upp i denna kontogrupp. Övriga bidrag efterfrågas av SCB i RS tillsammans med konto 352 Bidrag/gåvor från privata aktörer. Bokför inte på kontot • Här redovisas inte kostnadsersättningar och riktade bidrag från statliga myndigheter, dessa redovisas på konto 351 Kostnadsersättningar och riktade bidrag, ej investeringsbidrag. • Offentliga bidrag till investeringar redovisas på konto 357 Offentliga bidrag (investeringar).","Övriga bidrag",""
"a361","361","Försäljning av verksamhet","liability_non_current",False,"Här redovisas intäkter för försäljning av verksamhet och entreprenader. Exempel på sådana intäkter är interkommunala ersättningar för vård- eller elevplatser, försäljning av hemtjänst till annan kommun, ersättningar för samverkansprojekt där kommunen utför tjänster inom ramen för samverkan samt ersättningar för administrativa tjänster till kommunala företag som t.ex. löneadministration och inköpssamarbeten. För att klassas som försäljning av verksamhet och redovisas på detta konto ska följande villkor samtidigt vara uppfyllda: • Avtal eller liknande överenskommelse om att sälja viss verksamhet finns med annan köpare. Som avtal/överenskommelse räknas även verksamhet med köpare grundat på peng- eller checksystem. • Den ersättning som erhålls ska motsvara utförd prestation. Vid behov kan kontot indelas i underkonton för försäljning av plats, fasta avgifter, rörliga avgifter, grundpris, tilläggspris. Försäljning av plats kan underindelas i exempelvis förskoleplats, pedagogisk omsorg, friti","Försäljning av verksamhet",""
"a363","363","Försäljning av konsulttjänster och andra tjänster","liability_non_current",False,"På detta konto redovisas intäkter som avser försäljning av tjänster i form av specialuppdrag av tillfällig karaktär. Exempel på sådant kan vara ersättning för föredrag, tillfälliga externa utbildningsinsatser, handledning av t.ex. lärarstuderande vid praktik samt ekonomisk eller juridisk rådgivning till kommunala företag. SCB efterfrågar försäljning av konsulttjänster och andra tjänster tillsammans med konto 361 Försäljning av verksamhet fördelade på kommuner (82), kommunalförbund och SKR (83) eller regioner (84) och övriga. Bokför inte på kontot • Ersättningar som grundar sig på ett avtal som inte är av tillfällig karak-tär mellan parterna redovisas på konto 361 Försäljning av verksamhet.","Försäljning av konsulttjänster och andra tjänster",""
"a365","365","Återvunna, tidigare avskrivna kundfordringar","liability_non_current",False,"Kontot krediteras för återvunna belopp som avser tidigare avskrivna kund-fordringar. Kontot krediteras med det belopp som återvunnits med respektive likvidkonto i kontogrupp 19 som motkonto. Eventuell utgående moms i ursprungsverifikatet ska redovisas. SCB efterfrågar Återvunna, tidigare avskrivna kundfordringar tillsammans med konto 361 Försäljning av verksamhet och konto 363 Försäljning av konsulttjänster och andra tjänster när motparten inte är kommuner (82), kommunalförbund och SKR (83) eller regioner (84). Bokför inte på kontot • I det fall kundfordringen återvinns samma år som kundförlusten redovisats återförs dock under året uppbokad kundförlust.","Återvunna, tidigare avskrivna kundfordringar",""
"a369","369","Övriga ersättningar och intäkter","liability_non_current",False,"På detta konto redovisas ersättningar och intäkter, som till exempel erhållna försäkringsersättningar, intrångsersättningar och viten, som kommunen inte fattar beslut om på egen hand. Här redovisas även ersättningar för t.ex. arrangemang som kommunen genomför i samverkan med andra. Här redovisas t.ex. avgifter för betalningspåminnelser. Här redovisas även sådana differenser som uppstår på kund- respektive leverantörsskulder vid omräkning av utländsk valuta till svenska kronor på grund av att kursen på den utländska valutan under kredittiden stigit (vid fordringar) eller sjunkit (vid skulder). Kursvinster bokförs när de realiserats eller vid bokslut om orealiserade kursvinster kan konstateras utifrån balansdagens kurs. Skulder i utländsk valuta omräknas enligt växelkursen på balansdagen. Se LKBR 7 kap 9 §. Efterfrågas av SCB i RS tillsammans med kontogrupp 30. Bokför inte på kontot • Dröjsmålsränta för kundfordringar redovisas som finansiell intäkt på konto 845 Ränteintäkter på kundford","Övriga ersättningar och intäkter",""
"a372","372","Försäljning av exploateringsfastigheter","liability_non_current",False,"På detta konto redovisas försäljningspriset för mark vid försäljning av exploateringsfastigheter som redovisats som materiell omsättningstillgångar på konto 147 Exploateringsfastigheter. Även markanvisningsavgift som inräknas i köpeskillingen redovisas här. Anskaffningskostnad hänförlig till försåld del redovisas på konto 418, Anskaffningskostnad, försåld exploateringsfastighet. Bokför inte på kontot • Vinst vid försäljning av finansiella omsättningstillgångar redovisas på konto 846 Försäljning och värdering, finansiella omsättningstillgångar. • Ersättningar från exploateringsavtal som tas ut enligt reglerna i PBL 6 kap. 39-42 §§ redovisas på konto 373 Övriga ersättningar, exploateringsverksamhet. •Markanvisningsavgift som ej är en del av köpeskillingen för marken utan en avgift redovisas på konto 373 Övriga ersättningar, exploateringsverksamhet.","Försäljning av exploateringsfastigheter",""
"a373","373","Övriga ersättningar, exploateringsverksamhet","liability_non_current",False,"På detta konto redovisas ersättning från exploatören som tas ut enligt PBL 6 kap 39-42 §§ och avser att finansiera investeringar i t.ex. gator och allmän platsmark i samband med exploatering. Intäkten redovisas i enlighet med RKR R2 i takt med att investeringarna färdigställs. Kontot kan vid behov underindelas för att särredovisa ersättningar som finansierar anläggande av gator, vägar och andra allmänna platser enligt PBL 6 kap. 40 § 1 st. Om kommunen avtalar om s.k. medfinansieringsersättning enligt PBL 6 kap 40 § 2 st. så kan även sådan ersättning särredovisas. Bokför inte på kontot • Gatukostnadsersättningar som tas ut i enlighet med 6 kap 24-27 §§ PBL redovisas på konto 3121 Gatukostnadsersättningar (PBL). • Privata bidrag avsedda att finansiera investeringar där inget egentligt affärsförhållande föreligger redovisas på konto 352 Bidrag från privata aktörer. • Offentliga bidrag avsedda att finansiera investeringar redovisas på konto 357 Offentliga bidrag (investeringar). • Försäljn","Övriga ersättningar, exploateringsverksamhet",""
"a379","379","Försäljning tomträtter","liability_non_current",False,"På detta konto redovisas försäljningen av tomträtter, som redovisats som tillgång på konto 149 Tomträttsmark m.m.","Försäljning tomträtter",""
"a381","381","Försäljning av maskiner och inventarier","liability_non_current",False,"Saldot på detta konto är den realisationsvinst som uppstått av försäljningen och sammanfattar redovisningen på underkonto 3811 och 3812. Observera att om det uppstår en realisationsförlust ska den redovisas på konto 781.","Försäljning av maskiner och inventarier",""
"a3811","3811","Försäljningspris, maskiner och inventarier","liability_non_current",False,"På detta konto redovisas försäljningspriset för inventarier och maskiner i de fall försäljningsintäkten för tillgången överstiger det bokförda värdet. Försäljningspriset för maskiner och inventarier efterfrågas av SCB i RS.","Försäljningspris, maskiner och inventarier",""
"a3812","3812","Bokfört värde, maskiner och inventarier","liability_non_current",False,"På detta konto debiteras anskaffningsvärdet av försålda tillgångar och krediteras för de ackumulerade avskrivningarna i de fall försäljningsintäkten för tillgången överstiger det bokförda värdet. Saldot visar det bokförda värdet.","Bokfört värde, maskiner och inventarier",""
"a3814","3814","Momsjustering, försäljning av maskiner och inventarier","liability_non_current",False,"På detta underkonto debiteras momsjustering vid försäljning av maskiner och inventarier i de fall försäljningsintäkten för tillgången överstiger det bokförda värdet. Motkonto • Motkonto är 1679 Justeringsbelopp vid överlåtelse eller ändrad användning av en investeringsvara.","Momsjustering, försäljning av maskiner och inventarier",""
"a382","382","Försäljning av mark, byggnader och anläggningar","liability_non_current",False,"Saldot på detta konto är den realisationsvinst som uppstått av försäljningen och sammanfattar redovisningen på underkonto 3821 och 3822. Observera att om det uppstår en realisationsförlust ska den redovisas på konto 782.","Försäljning av mark, byggnader och anläggningar",""
"a3821","3821","Försäljningspris, mark, byggnader och anläggningar","liability_non_current",False,"På detta konto redovisas försäljningspriset för mark, byggnader och tekniska anläggningar i de fall försäljningsintäkten för tillgången överstiger det bokförda värdet. Försäljningspriset för mark, byggnader och tekniska anläggningar efterfrågas av SCB i RS.","Försäljningspris, mark, byggnader och anläggningar",""
"a3822","3822","Bokfört värde, mark, byggnader och anläggningar","liability_non_current",False,"På detta konto debiteras anskaffningsvärdet av försålda tillgångar och krediteras för de ackumulerade avskrivningarna i de fall försäljningsintäkten för tillgången överstiger det bokförda värdet. Saldot visar det bokförda värdet.","Bokfört värde, mark, byggnader och anläggningar",""
"a3824","3824","Momsjustering, försäljning av byggnader och anläggningar","liability_non_current",False,"På detta underkonto debiteras momsjustering vid försäljning av byggnad och teknisk anläggning i de fall försäljningsintäkten för tillgången överstiger det bokförda värdet. Motkonto • Motkonto är 1679 Justeringsbelopp vid överlåtelse eller ändrad användning av en investeringsvara.","Momsjustering, försäljning av byggnader och anläggningar",""
"a384","384","Försäljning av övriga anläggningstillgångar","liability_non_current",False,"Saldot på detta konto är den realisationsvinst som uppstått av försäljningen av övriga anläggningstillgångar, vilka inte utgör finansiella anläggningstillgångar, som exempelvis immateriella anläggningstillgångar och sammanfattar redovisningen på underkonto 3841 och 3842. Observera att om det uppstår en realisationsförlust ska den redovisas på konto 784. Bokför inte på kontot • Försäljning av finansiella anläggningstillgångar redovisas på konto 843 Försäljning och värdering, finansiella anläggningstillgångar eller 851, Förlust vid avyttring och värdering, finansiella anläggningstillgångar.","Försäljning av övriga anläggningstillgångar",""
"a3841","3841","Försäljningspris, övriga anläggningstillgångar","liability_non_current",False,"På detta konto redovisas försäljningspriset för övriga anläggningstillgångar i de fall försäljningsintäkten för tillgången överstiger det bokförda värdet.","Försäljningspris, övriga anläggningstillgångar",""
"a3842","3842","Bokfört värde, övriga anläggningstillgångar","liability_non_current",False,"På detta konto debiteras anskaffningsvärdet av försålda tillgångar och krediteras för de ackumulerade avskrivningarna i de fall försäljningsintäkten för tillgången överstiger det bokförda värdet. Saldot visar det bokförda värdet.","Bokfört värde, övriga anläggningstillgångar",""
"a401","401","Inköp av finansiella anläggnings- och omsättningstillgångar","liability_non_current",False,"På detta konto redovisas anskaffningsvärdet vid köp av aktier, andelar, bostadsrätter med mera. Anskaffningarna bör särredovisas utifrån klassificeringen anläggnings- och omsättningstillgångar, se rekommendation RKR R7 Finansiella tillgångar och finansiella skulder. Alternativt utnyttjas inte detta konto utan anskaffningsvärdet för inköp av anläggningstillgångar och finansiella omsättningstillgångar redovisas direkt på respektive balanskonto.","Inköp av finansiella anläggnings- och omsättningstillgångar",i
"a4011","4011","Inköp av finansiella anläggningstillgångar","liability_non_current",False,"På detta underkonto redovisas anskaffningsvärdet vid köp av aktier, andelar, bostadsrätter med mera som klassificeras som anläggningstillgångar. Utgifter som ska aktiveras överförs till respektive balanskonto i kontogrupp 13. Kontot kan, för att underlätta, underindelas i enlighet med balanskontonas struktur. Inköp av finansiella anläggningstillgångar efterfrågas av SCB i RS.","Inköp av finansiella anläggningstillgångar",""
"a4012","4012","Inköp av finansiella omsättningstillgångar","liability_non_current",False,"På detta underkonto redovisas anskaffningsvärdet vid köp av aktier, obligationer med mera som klassificeras som omsättningstillgångar. Utgifter som ska aktiveras överförs till respektive balanskonto i kontogrupp 18. Kontot kan, för att underlätta, underindelas i enlighet med balanskontonas struktur.","Inköp av finansiella omsättningstillgångar",""
"a402","402","Inköp av maskiner och inventarier","liability_non_current",False,"På detta konto redovisas anskaffningsvärdet vid inköp av maskiner och inventarier. Till anskaffningsvärdet räknas också direkta inköpskostnader som frakter etc. Här redovisas transportmedel inklusive reservdelar, maskiner och aggregat, möbler, textilier och övriga inventarier. Vid finansiell leasing av maskiner och inventarier kan anskaffningsvärdet redovisas här. Alternativt utnyttjas inte detta konto utan anskaffningsvärdet för inköp eller leasing av maskiner och inventarier redovisas direkt på respektive balanskonto. Utgifter som ska aktiveras överförs till balanskonto i kontogrupp 12. Kontot kan, för att underlätta, underindelas i enlighet med balanskontonas struktur. Inköp av maskiner och inventarier efterfrågas av SCB i RS. Bokför inte på kontot • Operationell leasing/hyra av maskiner och inventarier redovisas i kon-togrupp 63 Operationell leasing/hyra.","Inköp av maskiner och inventarier",""
"a403","403","Inköp av mark, byggnader och anläggningar","liability_non_current",False,"Anskaffningsvärdet vid inköp av fastigheter redovisas på detta konto. I anskaffningsvärdet ska samtliga utgifter som är direkt hänförbara till förvärvet inräknas i enlighet med rekommendation RKR R4 Materiella anläggningstillgångar. Vid finansiell leasing av mark, byggnader och anläggningar kan anskaffningsvärdet redovisas här. Alternativt utnyttjas inte detta konto utan anskaffningsvärdet för inköp eller leasing av mark, byggnader och anläggningar redovisas direkt på respektive balanskonto. Utgifter som ska aktiveras överförs till balanskonto i kontogrupp 11 eller konto 147 för mark som klassificeras som omsättningstillgång. Kontot kan, för att underlätta, underindelas i enlighet med balanskontonas struktur. Inköp av mark, byggnader och anläggningar efterfrågas av SCB i RS.","Inköp av mark, byggnader och anläggningar",""
"a4031","4031","Inköp av mark (inköpspris)","liability_non_current",False,"På detta underkonto redovisas inköpspriset vid köp av mark som redovisas som anläggningstillgång eller omsättningstillgång, dvs. exploateringsmark. Övriga utgifter kopplade till inköpet av mark redovisas på andra konton i kontoklass 4-7. Utgifter som ska aktiveras och avser anläggningstillgång överförs till respektive balanskonto i kontogrupp 11. Kontot kan, för att underlätta, underindelas i enlighet med balanskontonas struktur. Inköpspriset för mark avsedd att försäljas/exploateras som ska aktiveras överförs till balanskonto 147, Exploateringsfastigheter. Inköpspriset för mark efterfrågas av SCB i RS.","Inköp av mark (inköpspris)",""
"a4032","4032","Inköp av byggnader och anläggningar","liability_non_current",False,"På detta underkonto redovisas anskaffningsvärdet vid köp av byggnader och anläggningar som klassificeras som anläggningstillgångar. Utgifter som ska aktiveras överförs till respektive balanskonto i kontogrupp 11. Kontot kan, för att underlätta, underindelas i enlighet med balanskontonas struktur. Inköp av byggnader och anläggningar efterfrågas av SCB i RS.","Inköp av byggnader och anläggningar",""
"a404","404","Inköp av immateriella anläggningstillgångar","liability_non_current",False,"Anskaffningsvärdet vid inköp (förvärv) av immateriella anläggningstillgångar som koncessioner, patent, licenser och liknande rättigheter redovisas på detta konto. I anskaffningsvärdet ska samtliga utgifter som är direkt hänförbara till förvärvet inräknas i enlighet med rekommendation RKR R3 Immateriella anläggningstillgångar. Alternativt utnyttjas inte detta konto utan anskaffningsvärdet för inköp av immateriella anläggningstillgångar redovisas direkt på respektive balanskonto. Utgifter som ska aktiveras överförs till balanskonto i kontogrupp 10.","Inköp av immateriella anläggningstillgångar",""
"a410","410","Anläggnings- och underhållsmaterial","liability_non_current",False,"På detta konto redovisas utgifter/kostnader för material vid byggande och underhåll av anläggningar. Här redovisas följande materialgrupper: • Byggnads- och anläggningsmaterial • Järn-, stål- och metallvaror • El-material • Trävaror med mera, färger, kemisktekniska produkter • Övrigt underhållsmaterial Kontot kan vid behov underindelas.","Anläggnings- och underhållsmaterial",""
"a418","418","Anskaffningskostnad, såld exploateringsfastighet","liability_non_current",False,"På detta konto redovisas anskaffningskostnaden för såld exploateringsfastighet. Under pågående exploatering redovisas utgifterna för genomförd exploatering som omsättningstillgång under konto 147. I samband med försäljning av delar av eller hela exploateringsfastigheten ska nedlagda utgifter för såld del redovisas som en kostnad på detta konto. Försäljningsintäkten redovisas på konto 372. Differensen mellan konto 372 och 418 visar om försäljningen lett till vinst eller en förlust. Anskaffningskostnad, försåld exploateringsfastighet efterfrågas av SCB i RS.","Anskaffningskostnad, såld exploateringsfastighet",""
"a419","419","Förändring, material och varor i förråd och lager samt värdeförändring omsättningstillgångar","liability_non_current",False,"Kontot används för att visa förändringen – ökning (kredit) respektive minskning (debet) – av anläggnings- eller underhållsmaterial i förråd vars anskaffningskostnad bokförts i kontogrupp 41. För att redovisa värdeförändring avseende msättningstillgångar används underkonto 4192. Det är först vid försäljning som den reella vinsten ska redovisas över resultatet. Försäljning av omsättningstillgångar redovisas i kontogrupp 30, Försäljningsintäkter.","Förändring, material och varor i förråd och lager samt värdeförändring omsättningstillgångar",""
"a4191","4191","Värdeförändring av varor i förråd och lager","liability_non_current",False,"Detta underkonto används för att visa förändringen av anläggnings- och underhållsmaterial i förråd vars anskaffningskostnad bokförts i kontogrupp 41. Motsvarande debitering (lagerökning) eller kreditering (lagerminskning) sker på konto 141 Förråd och lager.","Värdeförändring av varor i förråd och lager",""
"a4192","4192","Värdeförändring omsättningstillgångar","liability_non_current",False,"Lägsta värdets princip tillämpas vid värdering av omsättningstillgångar. Om det vid bokslutstillfället visar sig att en tillgång är för högt värderad debiteras detta underkonto. Motsvarande kreditering sker på konto 147 Exploateringsfastigheter, eller 149 Tomträttsmark m.m., för att minska kvarstående tillgångsvärde. Bokför inte på kontot • Värdeförändringar på finansiella omsättningstillgångar redovisas på konto 846 Försäljning och värdering, finansiella omsättningstillgångar, alt. 856 Förlust vid avyttring och värdering, finansiella omsättningstillgångar","Värdeförändring omsättningstillgångar",""
"a431","431","Inköp av elkraft, vatten och gas för distribution","liability_non_current",False,"Här redovisas inköp av elkraft, vattenkraft och gas för distribution när kommunen driver denna affärsverksamhet i förvaltningsform.","Inköp av elkraft, vatten och gas för distribution",""
"a435","435","Inköp av energi för drift av distributionsanläggning","liability_non_current",False,"Här redovisas exempelvis kostnader för el till pumpar i vattenverk. SCB efterfrågar dessa kostnader tillsammans med respektive energislag i kontogrupp 62, Bränsle, energi och vatten.","Inköp av energi för drift av distributionsanläggning",""
"a451","451","Bidrag till enskilda","liability_non_current",False,"Här redovisas samtliga bidrag till enskilda personer som ekonomiskt bistånd, introduktionsersättning till flyktingar, anhörigbidrag och övriga bidrag till exempel premier och stipendier. SCB efterfrågar i RS kostnader för bidrag till enskilda.","Bidrag till enskilda",""
"a4511","4511","Ekonomiskt bistånd","liability_non_current",False,"På kontot redovisas ekonomiskt bistånd för försörjningsstöd och bistånd till livsföring i övrigt. Här redovisas även utbetalningar till personer under utvecklingsgaranti. Ekonomiskt bistånd ska bruttoredovisas. Bokför inte på kontot • Återbetalning av ekonomiskt bistånd redovisas på konto 359 Övriga bidrag.","Ekonomiskt bistånd",""
"a4513","4513","Anhörigbidrag","liability_non_current",False,"På detta underkonto redovisas bidrag och stöd till enskilda som ges för exempelvis anhörigvård. SCB efterfrågar i RS kostnader för anhörigbidrag. Bokför inte på kontot • Här redovisas inte ersättning som betraktas som lön. Sådan ersättning redovisas istället i kontoklass 5, Kostnader för arbetskraft.","Anhörigbidrag",""
"a4519","4519","Övriga bidrag till enskilda","liability_non_current",False,"På detta konto redovisas ersättningar till elever, inackorderingsbidrag, resebidrag där mottagaren själv betalar till tredje part, premier, stipendier, kostersättningar, habiliteringsersättningar. Även bidrag i form av fria resor med kollektivtrafik för äldre där betalning sker till trafikutövare redovisas här.","Övriga bidrag till enskilda",""
"a452","452","Bostadssociala bidrag","liability_non_current",False,"Här redovisas kostnader för bidrag exempelvis till anpassning av bostäder för äldre- och funktionshindrade, så kallat bostadsanpassningsbidrag. Här redovisas även i förekommande fall bidrag avseende kommunalt bostadstillägg i de fall kommunen ger sådant bidrag. Bostadssociala bidrag efterfrågas av SCB i RS.","Bostadssociala bidrag",""
"a453","453","Bidrag till juridiska personer","liability_non_current",False,"På detta konto redovisas bidrag till föreningar, stiftelser, kommunägda företag, privata företag, kommuner, regioner, kommunalförbund, staten, statliga myndigheter, dvs. bidrag till andra än enskilda. Även bidrag för förlusttäckning till kommunala bolag med verksamhet enligt självkostnadsprincipen redovisas här. Bidrag kan lämnas utan direkt krav på motprestation. Villkor eller krav kan dock förekomma, exempelvis som underlag för bedömning av bidragets storlek, t.ex. genom redovisning av antal deltagare, antal aktiviteter eller särskilda riktlinjer för bidraget. Villkoren för bidraget bestäms av bidragsgivaren. Villkoren kan gälla verksamhetens inriktning men inte detaljerade föreskrifter om hur bidragsmottagaren ska genomföra verksamheten. Det avgörande vid klassificeringen är om betalningen är av understödjande karaktär eller ej. Kostnader för ersättning för personliga assistenter till Försäkringskassan redovisas på underkonto 4538 Ersättning till Försäkringskassan för personliga ass","Bidrag till juridiska personer",""
"a4538","4538","Ersättning till Försäkringskassan för personliga assistenter","liability_non_current",False,"På detta underkonto bokförs kostnader för ersättningar till Försäkringskassan för personliga assistenter. Betalningar från och till Försäkringskassan ska bruttoredovisas. Erhållna ersättningar för personliga assistenter redovisas via på konto 354 Ersättningar från Försäkringskassan för personliga assistenter. På dessa konton ska bara transaktioner med motpart Försäkringskassan (815) bokföras. Kostnader avseende ersättning för personliga assistenter efterfrågas av SCB i RS. Bokför inte på kontot • Ersättningar till privata utförare av personlig assistans redovisas som köp av huvudverksamhet på konto 463. • Extraersättning som ges till brukare för sjuklönekostnader, där ingen assistans erhålls, ses som ett bidrag och redovisas på konto 451 Bidrag till enskilda om ersättningen betalas till brukaren. Betalas ersättningen till en privat utförare redovisas kostnaden på konto 453 Bidrag till juridiska personer.","Ersättning till Försäkringskassan för personliga assistenter",""
"a454","454","Bidrag till infrastruktur","liability_non_current",False,"På kontot bokförs bidrag till infrastruktur, både när det kostnadsförs direkt och när upplösning sker av tidigare aktiverat bidrag. Bidrag till infrastruktur efterfrågas av SCB i RS. Samtliga kostnader på kontot ska ha motpart staten och statliga myndigheter (81).","Bidrag till infrastruktur",""
"a4541","4541","Kostnadsföring av bidrag till infrastruktur","liability_non_current",False,"Om kommunen väljer att direkt kostnadsföra bidrag för infrastrukturella investeringar så bokförs kostnaderna på detta konto. Kostnadsföring av bidrag till infrastruktur efterfrågas av SCB i RS.","Kostnadsföring av bidrag till infrastruktur",""
"a4542","4542","Upplösning av aktiverat bidrag till infrastruktur","liability_non_current",False,"Bidrag till infrastrukturella investeringar får i enlighet med LKBR 5 kap 7 § aktiveras, vilket i förekommande fall ska ske på konto 139 Bidrag till infrastruktur. Upplösningen (kostnadsföringen) av bidrag till infrastruktur på konto 139 redovisas på detta underkonto. Upplösning av aktiverat bidrag till infrastruktur efterfrågas av SCB i RS. Motkonto • Motkontering sker på underkonto 1399 Ackumulerade upplösningar, infrastruktur.","Upplösning av aktiverat bidrag till infrastruktur",""
"a463","463","Köp av huvudverksamhet","liability_non_current",False,"Här redovisas kostnader för köp av huvudverksamhet. Den ersättning som lämnas ska motsvara utförd prestation. Vid behov kan kontot indelas i underkonton för köp av plats, fasta avgifter, rörliga avgifter, grundpris, tilläggspris. Köp av plats kan underindelas i exempelvis förskoleplats, pedagogisk omsorg, fritidshem, grundskola, gymnasium, vård och omsorg, även om detta i första hand bör följas upp via andra koddelar, exempelvis verksamhet.","Köp av huvudverksamhet",""
"a501","501","Arvoden till förtroendevalda","liability_non_current",False,"På detta konto redovisas bruttolöner samt arvoden, sammanträdesarvoden och ersättning för förlorad arbetsförtjänst för hel- och deltidsarvoderade förtroendevalda. Förslag till underindelning: • Fasta arvoden • Sammanträdes- och förrättningsarvoden","Arvoden till förtroendevalda",""
"a502","502","Löner till arbetstagare","liability_non_current",False,"På detta konto redovisas bruttolöner till arbetstagare för utfört arbete. Förslag till underindelning: • Månadslön, heltids-/deltidsanställda • Lön till timanställda • Ersättningar för övertid, OB, jour, beredskap","Löner till arbetstagare",""
"a503","503","Löner, arbetsmarknadsåtgärder","liability_non_current",False,"På detta konto redovisas löner till personer i arbetsmarknadsåtgärder eller löner av liknande karaktär. Kontot kan användas för arbetsmarknadsåtgärder av olika slag som inte tillhör den ordinarie verksamheten och därigenom möjliggöra att kostnaderna kan exkluderas vid t.ex. analyser.","Löner, arbetsmarknadsåtgärder",""
"a504","504","Uppdragstagare","liability_non_current",False,"På detta konto redovisas ersättningar där inget faktiskt anställningsförhållande föreligger, exempelvis till tolkar, familjehem, kontaktpersoner.","Uppdragstagare",""
"a505","505","Upplupna löner","liability_non_current",False,"Detta konto används vid bokslut för att redovisa intjänade ej utbetalade löner, till exempel intjänad övertidsersättning och retroaktiva löner. Motkonto • Kontot motkonteras med skuldkontot 291 Upplupna löner.","Upplupna löner",""
"a511","511","Semesterlön","liability_non_current",False,"På detta konto redovisas intjänad semester alternativt utbetald semesterlön i de fall semestern ej periodiseras löpande över året. På kontot redovisas upplupna semesterlöner, det vill säga semesterlöneskuld. Intjänad semesterlön inkluderar även semestertillägg. Kontot används för att redovisa det belopp med vilket ändring skett av semesterlöneskulden. Kontot kan underindelas enligt följande: • Intjänad semester alternativt utbetalda semesterlöner • Förändring semesterlöneskuld •Utbetald semesterlön vid för många sparade dagar Motkonto • Kontot motkonteras med skuldkontot 292, Upplupna semesterlöner.","Semesterlön",""
"a512","512","Sjuklön","liability_non_current",False,"På detta konto redovisas sjuklön till anställda. Från och med 2019 har karensdagen ersatts av ett karensavdrag, vilket enligt lag om sjuklön medför att man från sjuklönen ska göra ett karensavdrag. Karensavdraget ska i redovisningen reducera kostnaden för sjuklön. Sjuklön efterfrågas i SCB i RS.","Sjuklön",""
"a513","513","Lön vid tjänstledighet","liability_non_current",False,"På detta konto redovisas eventuell lön vid anställdas tjänstledighet.","Lön vid tjänstledighet",""
"a519","519","Övrigt, lön ej arbetad tid","liability_non_current",False,"Kontot kan vid behov underindelas ytterligare. Exempel på övriga underindelningar kan vara semesterersättning, lön vid fackligt arbete, förtroendeuppdrag, löner i samband med kompetensutveckling samt ersättningar som betalats ut av Omställningsfonden enligt tidigare omställningsavtal, KOM-KL. Även löneutbetalningar som avser låg tjänstepensionsavgift, s.k. premie under gränsbelopp eller minimibelopp samt kompensation för dygnsvila redovisas här.","Övrigt, lön ej arbetad tid",""
"a530","530","Andra ersättningar","liability_non_current",False,"På detta gruppkonto redovisas normalt alla extraersättningar som omfattas av kontogrupp 53. Exempel på sådana ersättningar är skattepliktiga skadestånd som inte har en direkt koppling till lön. Finns det behov av uppdelning på olika typer av ersättningar används konto 531–539.","Andra ersättningar",""
"a541","541","Naturaförmåner till anställda","liability_non_current",False,"På detta konto redovisas kostnader för fri bostad, fria eller subventionerade måltider, fria resor till och från arbetsplatsen, fria eller subventionerade arbetskläder, fri bil med mera.","Naturaförmåner till anställda",""
"a548","548","Förmånsvärden av naturaförmåner till anställda","liability_non_current",False,"På detta konto redovisas fastställda förmånsvärden för vilka sociala avgifter ska erläggas. Kontot kan vid behov underindelas. För närmare information om värdering av förmåner, se information på Skatteverkets webbplats.","Förmånsvärden av naturaförmåner till anställda",""
"a551","551","Traktamenten","liability_non_current",False,"Kontot används för schablonmässigt beräknade ersättningar vid tjänsteresa. Kontot kan underindelas:","Traktamenten",""
"a5511","5511","Traktamenten, skattefria","liability_non_current",False,"Traktamenten, skattefria efterfrågas av SCB i RS.","Traktamenten, skattefria",""
"a5512","5512","Traktamenten, skattepliktiga","liability_non_current",False,"Traktamenten, skattepliktiga efterfrågas av SCB i RS.","Traktamenten, skattepliktiga",""
"a552","552","Bilersättningar","liability_non_current",False,"På detta konto redovisas ersättning för användande av egen bil i tjänsten. Bilersättningarna uppdelas på skattefri och skattepliktig del som fastställs av Skatteverket. Bilersättning som överstiger det skattefria beloppet betraktas som lön för vilken källskatt ska dras och arbetsgivaravgift betalas.","Bilersättningar",""
"a5521","5521","Bilersättningar, skattefria","liability_non_current",False,"Bilersättningar, skattefria efterfrågas av SCB i RS.","Bilersättningar, skattefria",""
"a5522","5522","Bilersättningar, skattepliktiga","liability_non_current",False,"Bilersättningar, skattepliktiga efterfrågas av SCB i RS.","Bilersättningar, skattepliktiga",""
"a553","553","Omkostnadsersättningar","liability_non_current",False,"På detta konto redovisas omkostnadsersättningar för dagbarnvårdare, familjehem med mera.","Omkostnadsersättningar",""
"a5531","5531","Omkostnadsersättningar, skattefria","liability_non_current",False,"Omkostnadsersättningar, skattefria efterfrågas av SCB i RS.","Omkostnadsersättningar, skattefria",""
"a5532","5532","Omkostnadsersättningar till dagbarnvårdare, skattepliktiga","liability_non_current",False,"Omkostnadsersättningar till dagbarnvårdare, skattepliktiga efterfrågas av SCB i RS.","Omkostnadsersättningar till dagbarnvårdare, skattepliktiga",""
"a559","559","Övriga kostnadsersättningar","liability_non_current",False,"På detta konto redovisas övriga kostnadsersättningar.","Övriga kostnadsersättningar",""
"a5591","5591","Övriga kostnadsersättningar, Skattefria","liability_non_current",False,"Övriga kostnadsersättningar, Skattefria efterfrågas av SCB i RS.","Övriga kostnadsersättningar, Skattefria",""
"a5592","5592","Övriga kostnadsersättningar, Skattepliktiga","liability_non_current",False,"Övriga kostnadsersättningar, Skattepliktiga efterfrågas av SCB i RS.","Övriga kostnadsersättningar, Skattepliktiga",""
"a5597","5597","Trängselskatt, skattefri","liability_non_current",False,"På detta konto redovisas trängselskatt och andra vägavgifter (t.ex. infrastrukturavgift) i de fall kommunen ersätter anställda som i tjänsten kör med privata bilar. Se Skatteverkets information. Trängselskatt, skattefri efterfrågas av SCB i RS.","Trängselskatt, skattefri",""
"a5598","5598","Trängselskatt, skattepliktig","liability_non_current",False,"På detta konto redovisas trängselskatt och andra vägavgifter (t.ex. infrastrukturavgift) i de fall kommunen ersätter anställda som i tjänsten kör med privata bilar. Se Skatteverkets information. Trängselskatt, skattepliktig efterfrågas av SCB i RS.","Trängselskatt, skattepliktig",""
"a561","561","Lagstadgade arbetsgivaravgifter","liability_non_current",False,"På detta konto redovisas de lagstadgade arbetsgivaravgifter som kommunen betalar till Skatteverket enligt arbetsgivardeklaration (AGI) samt beräknad avgift på upplupna löner och semesterlöner. De omfattar avgifter för ålderspension, efterlevandepension, sjukförsäkring, arbetsmarknadsavgift, arbetsskadeavgift och allmän löneavgift. Arbetsgivaravgiften beräknas enligt gällande procentsats på lön och ersättningar till den anställde. Även på förmåner som bil, bostad, måltider etc utgår arbetsgivaravgift vilken be-räknas på fastställda schablonvärden. Kontot kan underindelas: • Arbetsgivaravgifter, löner och skattepliktiga ersättningar • Arbetsgivaravgifter, förmånsvärden • Arbetsgivaravgifter, semesterskuld och upplupna löner Motkonto • Konto 272 Lagstadgade sociala avgifter och särskild löneskatt. • Konto 293 Upplupna sociala avgifter.","Lagstadgade arbetsgivaravgifter",""
"a563","563","Särskild löneskatt","liability_non_current",False,"På detta konto redovisas särskild löneskatt som utgår på utbetalda pensioner. Löneskatt utgår också vid utbetalning till försäkringsbolag som ombesörjer pensionsförsäkring eller till pensionsstiftelse som förvaltar medlen. Kontot kan underindelas i: • Löneskatt på pensionsförsäkring • Löneskatt på övrigt till exempel arbetsmarknadsförsäkringar (AMF) Särskild löneskatt på utbetalda pensioner och avgiftsbestämd ålderspension redovisas på underkonto 5633 och särskild löneskatt på avsättning för pensioner redovisas på underkonto 5635.","Särskild löneskatt",""
"a5633","5633","Särskild löneskatt på avgiftsbestämd ålderspension","liability_non_current",False,"Underkontot används för skatt som beräknas på den avgiftsbestämda ålderspensionen. Motkonton • Konto 2933, Upplupen särskild löneskatt avgiftsbestämd ålderspension.","Särskild löneskatt på avgiftsbestämd ålderspension",""
"a5634","5634","Särskild löneskatt på utbetalda pensioner","liability_non_current",False,"Underkontot används för skatt som beräknas på utbetalda pensioner samt på försäkringsavgifter och försäkringslösningar. Motkonton •Konto 2934, Upplupen särskild löneskatt på utbetalda pensioner. •Konto 2935, Upplupen särskild löneskatt på försäkringsavgifter och försäkringslösningar.","Särskild löneskatt på utbetalda pensioner",""
"a5635","5635","Särskild löneskatt på avsättning för pensioner","liability_non_current",False,"Underkontot används för löneskatt som beräknas på förändringen av avsättning för pensioner. Även särskild löneskatt på den finansiella delen av förändringen redovisas på detta konto. Särskild löneskatt på avsättning för pensioner efterfrågas av SCB i RS. Motkonto • Konto 225, Avsättning för särskild löneskatt på pensioner.","Särskild löneskatt på avsättning för pensioner",""
"a567","567","Avtalsförsäkringar","liability_non_current",False,"På detta konto redovisas arbetsgivarens avgifter för avtalsförsäkringar som till exempel premie till avtalsgruppsjukförsäkringen (AGS), premie till trygghetsförsäkringen vid arbetsskada (TFA) samt premie till tjänstegrupplivförsäkringen (TGL). Här redovisas även arbetsgivarens erlagda avgifter till Arbetsmarknadsförsäkringar (AMF) samt premie till Omställningsfonden för kompetens- och omställningsavtal (KOM-KR). Bokför inte på kontot • Ersättningar till medarbetare enligt tidigare avtal, KOM-KL som inte täcks av premien redovisas på konto 519 .","Avtalsförsäkringar",""
"a569","569","Övriga sociala och andra avgifter","liability_non_current",False,"Detta konto används för andra sociala avgifter och andra avgifter enligt lag och avtal än de som redovisas på konto 561 eller 567.","Övriga sociala och andra avgifter",""
"a571","571","Pensionsförsäkringspremier","liability_non_current",False,"På detta konto redovisas kostnader för försäkringspremier avseende olika former av särskilt tecknade pensionsförmåner och liknande. Även kostnader för det familjeskydd (efterlevandeskydd) som är kopplat till pensionsavtalet AKAP-KL redovisas här. Om behov finns kan separat underkonto läggas upp för detta. Uttag från överskottsfond redovisas i enlighet med RKR:s information, Redovisning av överskottsmedel i pensionsförsäkringar. Premier som erläggs via sådant uttag redovisas här medan den finansiella intäkten redovi-sas på konto 849 Övriga finansiella intäkter. Särskild löneskatt på utbetalningen redovisas på konto 563 Särskild löneskatt. Pensionsförsäkringspremier efterfrågas av SCB i RS. Bokför inte på kontot • Pensionskostnader för avgiftsbestämda ålderspensioner redovisas på konto 575.","Pensionsförsäkringspremier",""
"a5711","5711","Pensionsförsäkringspremier för enskilda arbetstagare","liability_non_current",False,"På detta underkonto redovisas försäkringsavgifter som tillkommit genom särskilda avtal mellan arbetsgivare och enskilda arbetstagare utöver förmåner via ordinarie kompletteringspension.","Pensionsförsäkringspremier för enskilda arbetstagare",""
"a5712","5712","Pensionsförsäkringslösningar för förmånsbestämd ålderspension","liability_non_current",False,"På detta underkonto redovisas de premier kommunen erlägger till försäkringsbolag i de fall kommunen slutit särskilda avtal med företag om försäkringslösningar avseende den förmånsbestämda ålderspensionen (FÅP).","Pensionsförsäkringslösningar för förmånsbestämd ålderspension",""
"a5713","5713","Pensionsförsäkringslösningar för pensionsförmåner som är intjänade före 1998","liability_non_current",False,"På detta underkonto redovisas de premier kommunen erlägger till försäkringsbolag i de fall kommunen slutit särskilda avtal med företag om försäkringslösningar avseende de pensionsförmåner anställda intjänat före år 1998.","Pensionsförsäkringslösningar för pensionsförmåner som är intjänade före 1998",""
"a572","572","Förändring av pensionsavsättningar","liability_non_current",False,"Här redovisas de pensionskostnader som beräknats enligt den s.k. blandmodellen, dock ej de kostnader som definierats som finansiell kostnad. På underkonto 5721 och 5722 redovisas förändring av pensionsavsättning respektive förändring av särskild avtalspension, visstidspension och liknande. Pensionskostnad avgiftsbestämd ålderspension redovisas på konto 575. Se rekommendation RKR R10 Pensioner. Förändring av pensionsavsättningar efterfrågas av SCB i RS. Bokför inte på kontot • Finansiella kostnader för pensioner ska redovisas på konto 853 Finansiell kostnad, förändring av pensionsavsättningar.","Förändring av pensionsavsättningar",""
"a5721","5721","Förändring av pensionsavsättningar","liability_non_current",False,"På underkontot redovisas de pensionskostnader som beräknas enligt blandmodellen, dock ej de kostnader som definieras som ränta. Motkonto • De kostnader som debiteras på detta underkonto har konto 221 Avsättningar för pensioner och liknande förpliktelser, som motkonto.","Förändring av pensionsavsättningar",""
"a5722","5722","Förändring av avsättning för särskild avtalspension, visstidspension och liknande","liability_non_current",False,"På underkontot redovisas de kostnader som uppkommit under året till följd av särskild avtalspension, visstidspension och liknande förpliktelser för anställda och förtroendevalda. Motkonto • De kostnader som debiteras på detta underkonto har konto 222 Avsättning för särskild avtalspension, visstidspension och liknande, som motkonto.","Förändring av avsättning för särskild avtalspension, visstidspension och liknande",""
"a573","573","Pensionsutbetalningar","liability_non_current",False,"Här redovisas av kommunen utbetalda pensioner till tidigare anställda. Pensionsutbetalningar efterfrågas av SCB i RS.","Pensionsutbetalningar",""
"a5731","5731","Pensionsutbetalningar, avtalspensioner intjänade fr.o.m. 1998","liability_non_current",False,"Pensionsutbetalningar, avtalspensioner intjänade fr.o.m. 1998 efterfrågas av SCB i RS.","Pensionsutbetalningar, avtalspensioner intjänade fr.o.m. 1998",""
"a5732","5732","Pensionsutbetalningar, avtalspensioner intjänade före 1998","liability_non_current",False,"Pensionsutbetalningar, avtalspensioner intjänade före 1998, efterfrågas av SCB i RS.","Pensionsutbetalningar, avtalspensioner intjänade före 1998",""
"a5733","5733","Pensionsutbetalningar av särskild avtalspension, visstidspension och liknande","liability_non_current",False,"Pensionsutbetalningar av särskild avtalspension, visstidspension och liknande efterfrågas av SCB i RS.","Pensionsutbetalningar av särskild avtalspension, visstidspension och liknande",""
"a574","574","Förvaltningsavgifter","liability_non_current",False,"På detta konto redovisas förvaltningsavgifter i samband med pensionsförvaltning. Förvaltningsavgifter efterfrågas av SCB i RS.","Förvaltningsavgifter",""
"a575","575","Pensionskostnad, avgiftsbestämd ålderspension","liability_non_current",False,"Här redovisas kostnaden för den avgiftsbestämda ålderspensionen. För att särredovisa olika pensionsavtal kan särskilda underkonton läggas upp för KAP-KL, AKAP-KL/AKAP-KR. Pensionskostnad, avgiftsbestämd ålderspension efterfrågas av SCB i RS. Motkonto • För upplupna pensionskostnader för avgiftsbestämd ålderspension, vilka utbetalas året efter bokslutsåret, används konto 296 Upplupen pensionskostnad, avgiftsbestämd ålderspension.","Pensionskostnad, avgiftsbestämd ålderspension",""
"a591","591","Aktivering av eget arbete vid utveckling av anläggningstillgångar","liability_non_current",False,"Detta konto används som motkonto vid aktivering av eget arbete vid utveckling av anläggningstillgångar i det fall man uppfyller kriterierna för aktivering, se RKR R4 Materiella anläggningstillgångar samt RKR R3 Immateriella anläggningstillgångar. För egen personal som arbetar med att utveckla eller iordningställa anläggningstillgångar får endast löneutgift (lön samt PO) för den nedlagda arbetstiden tas med i anskaffningsvärdet. Kravet är att tidredovisning sker och används som grund för aktivering.","Aktivering av eget arbete vid utveckling av anläggningstillgångar",""
"a592","592","Aktivering av eget arbete vid utveckling av omsättningstill-gångar","liability_non_current",False,"Detta konto används som motkonto vid aktivering av eget arbete vid utveckling av exploateringsprojekt som redovisas som omsättningstillgång.","Aktivering av eget arbete vid utveckling av omsättningstill-gångar",""
"a599","599","Övriga lönejusteringar","liability_non_current",False,"Detta konto används som motkonto vid andra lönejusteringar än aktiverat arbete vid utveckling av anläggnings- och omsättningstillgångar.","Övriga lönejusteringar",""
"a601","601","Lokal- och bostadshyror","liability_non_current",False,"På detta konto redovisas hyreskostnader för hyrda lokaler. Som hyra redovisas det av fastighetsägaren debiterade beloppet, bestående av grundhyra och de hyrestillägg som ingår i hyresbeloppet, exempelvis vatten och avlopp, bränsle med mera. Även hyreskostnader för förråd, garage och parkeringsplatser redovisas på detta konto. Kontot kan underindelas i till exempel lokalhyror, bostadshyror och tillfällig hyra av lokaler. Lokalhyror efterfrågas av SCB i RS. Bokför inte på kontot • Kostnader för el som kan särskiljas redovisas på konto 621 El.","Lokal- och bostadshyror",""
"a602","602","Markhyror","liability_non_current",False,"På detta konto redovisas kostnader för hyra/arrende av mark, det vill säga fastighet utan byggnad. Här redovisas också tomträttsavgäld i det fall kommunen inte har äganderätt till den mark på vilken fastigheten står. Markhyror efterfrågas av SCB i RS.","Markhyror",""
"a613","613","Städ- och renhållningstjänster","liability_non_current",False,"Köp av tjänster som städning, fönsterputsning och hygien för fastigheter redovisas på detta konto. På kontot bokförs kostnader för fastigheternas renhållning och städning, när städning inte utförs av kommunens personal. Om städpersonalen är anställd hos kommunen, redovisas deras löner i kontoklass 5. Vid behov kan kontot indelas i följande underkonton: • Lokalvård, exempelvis städning • Sophämtning • Snöskottning • Trädgårdsskötsel • Halkbekämpning, exempelvis sandning • Sotning Bokför inte på kontot • Kostnader för glödlampor, elsäkringar, sladdar, pappershanddukar o.d. bokförs på konto 646 Förbrukningsmaterial. • Kostnader enligt avtal för hyra inkl. tvätt av t.ex. entrémattor redovisas på konto 632 Operationell leasing/hyra av inventarier.","Städ- och renhållningstjänster",""
"a615","615","Mindre reparationer och underhåll av fastigheter","liability_non_current",False,"På detta konto bokförs köp av tjänster avseende mindre reparationer och underhåll av fastigheter. Här bokförs även kostnader för inredningsarbeten av smärre förändringskaraktär, såsom nedtagning och uppsättning av väggar, upptagande av dörrar, ommålning i samband med flyttning. Se även anvisningarna till konto 117 Pågående ny-, till- och ombyggnad. Mer omfattande reparationer och underhåll av fastigheter som kan definieras som entreprenader redovisas på konto 617 Fastighets-, anläggnings- och reparationsentreprenader. Bokför inte på kontot • Mer omfattande reparationer och underhåll av fastigheter som syftar till att bibehålla byggnader och anläggningar i ursprungligt skick, t.ex. entreprenader redovisas på konto 617 Fastighets-, anläggnings- och reparationsentreprenader.","Mindre reparationer och underhåll av fastigheter",""
"a617","617","Fastighets-, anläggnings- och reparationsentreprenader","liability_non_current",False,"På kontot redovisas kostnader och utgifter för fastighetsentreprenader, anläggningsentreprenader och reparationstjänster av större omfattning på kommunens fastigheter och hyrda lokaler. Även kostnader för byggkonsulter vid genomförande av entreprenader redovisas här. Med fastighetsentreprenader avses ny-, tillbyggnads- och förbättringsarbeten. I detta ingår byggnadsarbeten, rivningsarbeten, VVS- och elarbeten, inredningsarbeten, målningsarbeten etc på byggnader. Med anläggningsentreprenader avses entreprenader för anläggande av gator, vägar, broar, parker samt muddring av hamnar och kanaler på mark och markanläggningar. Som reparation räknas arbeten som avser att bibehålla byggnader och anläggningar i ursprungligt skick vad gäller funktion och kapacitet. Reparation och underhåll av mindre omfattning betraktas som driftskostnad och redovisas på konto 615. Utgifter som ska aktiveras överförs till respektive tillgångskonto i kontogrupp 11, Mark, byggnader och anläggningar. Investeringsutg","Fastighets-, anläggnings- och reparationsentreprenader",""
"a618","618","Fastighets-, anläggnings- och reparationsentreprenader, forts","liability_non_current",False,"Kontot är en fortsättning på konto 617 Fastighets-, anläggnings- och reparationsentreprenader. Fastighets-, anläggnings- och reparationsentreprenader efterfrågas av SCB i RS.","Fastighets-, anläggnings- och reparationsentreprenader, forts",""
"a619","619","Övriga fastighetskostnader","liability_non_current",False,"Här bokförs övriga fastighetskostnader för vilka särskilda underkonton inte lagts upp inom kontogruppen. Här bokförs till exempel fastighetsskatt, fastighetsavgift och kostnader för servitut. Även kostnader för serviceavtal avseende teknisk övervakning/tillsyn av fastigheter som inte avser bevakning redovisas här. Bokför inte på kontot • Kostnader för bevakning av lokaler redovisas på konto 733 Larm och bevakning.","Övriga fastighetskostnader",""
"a6192","6192","Fastighetsskatt och fastighetsavgift","liability_non_current",False,"På detta underkonto redovisas kostnader för fastighetsskatt och fastighetsavgift. Fastighetsskatt, tillsammans med fordonsskatt, efterfrågas av SCB i RS.","Fastighetsskatt och fastighetsavgift",""
"a621","621","El","liability_non_current",False,"På kontot redovisas kostnader för elnät och elkraft till fastigheter. Energiskatt, naturgasskatt m.m. som är hänförlig till elkostnaderna hänförs till detta konto både avseende fakturerad kostnad samt vid egenproduktion. Vid behov av uppföljning/särredovisning av energiskatt kan separata underkonton läggas upp. Om kostnaderna för el avser distribution, när kommunen driver affärs-verksamhet i förvaltningsform, ska kostnaderna bokföras på konto i kontogrupp 43. Vid behov kan kontot underindelas med konton för t.ex.: • Vindkraft • Grön el Bokför inte på kontot • Kostnader för laddning av elbilar, där kostnaden för laddningen finns specificerad, redovisas på konto 691 Drivmedel.","El",""
"a623","623","Värme och kyla","liability_non_current",False,"På kontot bokförs kostnader för fastbränsle som används för fastigheternas uppvärmning och kylning, som exempelvis kostnader för t.ex. eldningsolja, eluppvärmning eller fjärrvärme. Om kostnaderna för bränsle avser både bränsle till fastighet och kostnader för distribution, när kommunen driver affärsverksamhet i förvaltningsform, ska kostnaderna fördelas. Energiskatt hänförlig till kostnaderna hänförs till detta konto. Vid behov av uppföljning/särredovisning av energiskatt kan separata underkonton läggas upp. Vid behov kan kontot underindelas i underkonton för t.ex.: • Eldningsolja • Gas • Eluppvärmning • Fjärrvärme • Fjärrkyla Bokför inte på kontot • Kostnader för bränsle för distribution bokförs som inköp av bränsle i kontogrupp 43.","Värme och kyla",""
"a628","628","Vatten och avlopp","liability_non_current",False,"På kontot bokförs kostnader avseende avgifter för vatten och avlopp till fastigheter. Om kostnaderna för vatten och avlopp avser både bränsle till fastighet och kostnader för distribution, när kommunen driver affärsverksamhet i förvaltningsform, ska kostnaderna fördelas. Kostnader för vatten och avlopp efterfrågas av SCB i RS. Bokför inte på kontot • Kostnader för råvatten för distribution bokförs som inköp av elkraft, vatten och gas för distribution i kontogrupp 43. • Anslutningsavgifter för VA redovisas på konto 764 Diverse skatter och offentliga avgifter.","Vatten och avlopp",""
"a631","631","Operationell leasing/hyra av maskiner","liability_non_current",False,"På detta konto redovisas samtliga kostnader för de maskiner som kommunen hyr/leasar av utomstående och till vilka kommunen inte har äganderätt. Exempel på maskiner är grävare, lastmaskiner samt olika typer av liftar. Särskilda underkonton kan användas för att särskilja korttidshyra och operationell leasing.","Operationell leasing/hyra av maskiner",""
"a632","632","Operationell leasing/hyra av inventarier","liability_non_current",False,"Här redovisas hyra och leasingkostnader för inventarier andra än arbetsmaskiner. Exempel på inventarier är kontorsinventarier, instrument och verktyg, entrémattor, larmutrustning samt kaffe- och vattenautomater. Särskilda underkonton kan användas för att särskilja korttidshyra och operationell leasing.","Operationell leasing/hyra av inventarier",""
"a641","641","Förbrukningsinventarier","liability_non_current",False,"På detta konto redovisas kostnader för förbrukningsinventarier. Hit hör till exempel lokaltillbehör som fast armatur för belysning, persienner, gardiner, fasta klädhängare samt förbrukningsinventarier för lek- och undervisning samt persondatorer och IT-material som inte utgör förbrukningsmaterial. Kostnader för förbrukningsinventarier efterfrågas av SCB i RS. Bokför inte på kontot • Föremål som har mycket begränsad varaktighet eller mycket obetydligt värde räknas som förbrukningsmaterial och redovisas på konto 646.","Förbrukningsinventarier",""
"a643","643","Böcker, tidningar, elektronisk media","liability_non_current",False,"På detta konto redovisas inköp av böcker, facklitteratur, ljudböcker, tidningar, tidskrifter och elektronisk media, såsom dvd-filmer, musik-cd, data- och tv-spel. Här redovisas även kostnader för böcker och tidningar i digital form, t.ex. e-böcker och e-tidningar. På detta konto redovisas även prenumerationskostnader för tidningar till personalens arbetsplatser.","Böcker, tidningar, elektronisk media",""
"a644","644","Livsmedel","liability_non_current",False,"Här redovisas kostnader för inköp av livsmedel för beredning av måltider och inköp av halvfabrikat. Kostnader för inköp av kaffe, fruktkorg och liknande till personal som utgör personalvårdsförmån i samband med arbetet redovisas här. Även liknande inköp till kommunens verksamheter redovisas här. Kostnader för livsmedel efterfrågas av SCB i RS. Bokför inte på kontot • Inköp till verksamheten av färdiglagade måltider och tjänster för mål-tidsproduktion från externa producenter redovisas på konto 746 Måltider. •Inköp av lunch, middag eller enklare förtäring till personal som utgör personalrepresentation redovisas i kontogrupp 71 Representation.","Livsmedel",""
"a645","645","Laboratoriematerial, läkemedel och sjukvårdsartiklar","liability_non_current",False,"Här redovisas apoteksvaror, kemikalier, förbandsartiklar, förbrukningsinstrument vid laboratorium, tekniska hjälpmedel inom vård och omsorg etc. På detta konto redovisas även sjukvårdsmaterial, läkemedel och vaccin för kommunens personal. Här redovisas även tillskott/komplement till kosten som köps via apotek (recept). Bokför inte på kontot • Kostnader för sondmatning/näringskomplement som ersätter en hel måltid redovisas på konto 746 Måltider.","Laboratoriematerial, läkemedel och sjukvårdsartiklar",""
"a646","646","Förbrukningsmaterial","liability_non_current",False,"På detta konto redovisas kostnader för förbrukningsmaterial av allmän karaktär, det vill säga material av kort varaktighet eller av obetydligt värde. Hit hör till exempel glödlampor, el-proppar, sladdar, pappershanddukar, toalettpapper, kemisktekniska produkter samt lek- och undervisningsmaterial. Bokför inte på kontot • För kontorsmaterial används konto 651 Kontorsmaterial. • Förbrukningsmaterial till IT-utrustning redovisas på konto 654 IT-material. • Förbrukningsmaterial som utgör arbetskläder eller skyddsmaterial redovisas på konto 648 Arbetskläder, skyddskläder, skyddsmaterial.","Förbrukningsmaterial",""
"a648","648","Arbetskläder, skyddskläder, skyddsmaterial","liability_non_current",False,"På detta konto redovisas arbets- och skyddskläder som föreskrivs enligt arbetarskyddslagen eller i övrigt av särskilda arbetsförhållanden samt material för arbetarskydd. Hit hör olika slags kläder, skor, handskar, terminal- och skyddsglasögon, skyddsmasker, skyddshandskar, skyddsförkläden och dylikt. På detta konto redovisas även arbetarskyddsmaterial som utgör förbrukningsmaterial. Bokför inte på kontot • Kostnaden för fria eller subventionerade arbetskläder redovisas på konto 541 Naturaförmåner till anställda. • Underhåll och tvätt redovisas i kontogrupp 66.","Arbetskläder, skyddskläder, skyddsmaterial",""
"a651","651","Kontorsmaterial","liability_non_current",False,"På detta konto redovisas kostnader för dels förbrukningsinventarier för kontorsändamål, såsom hålslag, häftapparater, linjaler, mallar, pärmar, tidskriftssamlare, mappar, stämplar, skrivpapper, block, pennor, tejp och etiketter. Kostnader för kontorsmaterial efterfrågas av SCB i RS. Bokför inte på kontot • Material knutet till datorer redovisas på konto 654 IT-material.","Kontorsmaterial",""
"a654","654","IT-material","liability_non_current",False,"Här redovisas kostnader för förbrukningsmaterial av mindre värde etc som används till kommunens IT-utrustning. Sådant material kan vara lagringsmedia, färgpatroner, kablar med mera. Bokför inte på kontot • Kostnader för administrativa tjänster som ex. elektronisk fakturahantering (skanning), IT-drift, dataprogram, programändringar, licensavtal och serviceavtal redovisas på konto 743 Administrativa tjänster. • IT-utrustning med längre varaktighet och högre värde redovisas på konto 641 Förbrukningsinventarier.","IT-material",""
"a655","655","Trycksaker","liability_non_current",False,"På detta konto redovisas kostnader för alla slags trycksaker, såsom blanketter, brevpapper, kuvert, kartotekskort, kvittenser etc. På detta konto redovisas även kostnader för produktion av sådana trycksaker. Bokför inte på kontot • Kostnader för informationsbroschyrer, reklamtrycksaker och liknande redovisas på konto 723 Reklam och information.","Trycksaker",""
"a660","660","Reparation och underhåll av maskiner och inventarier","liability_non_current",False,"På detta konto redovisas kostnader för reparation och underhåll av maskiner och inventarier, det vill säga anläggningstillgångar vars anskaffningsvärde redovisats på konto 121, 122, 123 och 129. Här redovisas även kostnader för reservdelar i samband med reparation och underhåll av maskiner och inventarier. Här redovisas kostnader för reparation och underhåll av bilar och transportmedel, det vill säga anläggningstillgångar vars anskaffningsvärde redovisats på konto 124. Även kostnader för reparation och underhåll av leasade bilar och transportmedel redovisas i förekommande fall på detta konto. Kontot kan vid behov underindelas.","Reparation och underhåll av maskiner och inventarier",""
"a665","665","Reparation och underhåll av förbrukningsinventarier","liability_non_current",False,"Här redovisas kostnader för reparationer och underhåll av förbruk-ningsinventarier, dvs. korttidsinventarier och inventarier av mindre värde, som inte aktiverats som anläggningstillgång. Även kostnader för underhåll och tvätt av arbetskläder, linne med mera redovisas på detta konto. Kontot kan vid behov underindelas. Bokför inte på kontot • Förbrukningsmaterial till datorer redovisas på konto 654 IT-material. • Kostnader för reparation och underhåll av maskiner och inventarier som redovisas som anläggningstillgång redovisas på konto 660 Repa-rationer och underhåll av maskiner och inventarier.","Reparation och underhåll av förbrukningsinventarier",""
"a681","681","Tele- och IT-kommunikation","liability_non_current",False,"På detta konto redovisas kostnader för telefonitjänster och datakommunikationstjänster. Här redovisas alla kostnader som betalas till tjänsteleverantör och som omfattar inträdes-, abonnemangs- och nyttjandeavgifter för telefonväxel, kostnader för telefonsamtal etc. Här redovisas även telekostnader vid dataöverföring via hyrda ledningar och via allmänt datanät (för vilka kostnaderna debiteras separat av tjänsteleverantör). Dessa kostnader omfattar inträdesavgifter, abonnemangsavgifter (kvartalsavgifter), trafikavgifter, hyra för modem, bredbandsabonnemang, trådlösa nätverk, mobila uppkopplingar etc. Vid behov kan kontot underindelas i följande konton: • Fast telefoni • Mobil telefoni • Växel, anslutnings- och teleinstallation • Datakommunikation Bokför inte på kontot • Vid inköp av utrustning av mindre värde bokförs kostnaderna på konto 641 Förbrukningsinventarier.","Tele- och IT-kommunikation",""
"a685","685","Porto","liability_non_current",False,"På detta konto redovisas kostnader för postbefordran i samband med extern distribution av brev med mera, dvs. frankeringsavgifter, frimärken, paketporto, lösenavgifter etc.","Porto",""
"a691","691","Drivmedel","liability_non_current",False,"På detta konto redovisas kostnader för driv- och smörjmedel, vilka innefattar till exempel bensin, diesel, gas, etanol och olja. Även kostnader för laddning av elbilar, där kostnaden för laddningen finns specificerad, redovisas här. Kostnader för driv- och smörjmedel efterfrågas av SCB i RS tillsammans med kontogrupp 62, Bränsle, energi och vatten.","Drivmedel",""
"a692","692","Fordonsskatt","liability_non_current",False,"På detta konto redovisas kostnader för fordonsskatt. Fordonsskatt, tillsammans med fastighetsskatt, efterfrågas av SCB i RS.","Fordonsskatt",""
"a695","695","Operationell leasing/hyra av bilar och andra transportmedel","liability_non_current",False,"Här redovisas hyra och leasingkostnader för bilar och andra transportmedel. Särskilda underkonton kan användas för att särskilja korttidshyra och operationell leasing. Kostnader för hyra/leasing av bilar och andra transportmedel efter-frågas av SCB i RS tillsammans med kontogrupp 63, Operationell leasing/hyra.","Operationell leasing/hyra av bilar och andra transportmedel",""
"a696","696","Trängselskatt för egna fordon","liability_non_current",False,"På detta underkonto redovisas trängselskatt och andra vägavgifter (t.ex. infrastrukturavgift) för kommunens egna bilar. Kostnader för trängselskatt för egna fordon efterfrågas av SCB i RS tillsammans med underkonto 6192 Fastighetsskatt och fastighetsavgift samt konto 692 Fordonsskatt. Bokför inte på kontot • I de fall kommunen ersätter anställda som i tjänsten kör med privata bilar ska den ersättningen antingen konteras på underkonto 5597 Trängselskatt, skattefri eller underkonto 5598 Trängselskatt, skattepliktig.","Trängselskatt för egna fordon",""
"a697","697","Aktivering av maskintid vid tillverkning av anläggnings- och omsättningstillgångar","liability_non_current",False,"Kontot används som motkonto vid aktivering av utgifter för användande av egna maskiner vid tillverkning av anläggningstillgångar och omsättningstill-gångar (exploateringsmark) i det fall kriterierna för aktivering är uppfyllda, se RKR R4 Materiella anläggningstillgångar. Kontot kan vid behov underindelas för att särredovisa aktivering av ma-skintid vid tillverkning av anläggnings- resp. omsättningstillgångar. Bokför inte på kontot •Utgifter för aktivering av personalkostnader vid utveckling av anlägg-nings- resp. omsättningstillgångar redovisas i kontogrupp 59 Övriga lönejusteringar.","Aktivering av maskintid vid tillverkning av anläggnings- och omsättningstillgångar",""
"a699","699","Övriga kostnader för transportmedel","liability_non_current",False,"Kontot debiteras för sådana kostnader för transportmedel som uppgår till mindre belopp och för vilka särskilda konton inte lagt upp. Här redovisas t.ex. parkeringsavgifter och vägtrafikregisteravgift från Transportstyrelsen. Övriga kostnader för transportmedel efterfrågas av SCB i RS. Bokför inte på kontot • Kostnader för reparation och underhåll av transportmedel redovisas på konto 660 Reparation och underhåll av maskiner och inventarier. • Kostnad för assistans (bärgning av fordon) redovisas på konto 749 Övriga främmande tjänster.","Övriga kostnader för transportmedel",""
"a701","701","Transportkostnader/resor, ej anställda och förtroendevalda","liability_non_current",False,"På detta konto redovisas kostnader för transporter och resekostnader (inkl. logi) som är hänförbara till viss verksamhet, som ej avser anställda eller förtroendevalda (se konto 705). Som transportkostnad räknas även de särskilda kostnader som är förenade med transporter, eventuella transportförsäkringar etc. Kontot används för: • transporter av elever mellan bostad och skola (skolskjutsar) • övriga transporter av personer (ej anställda) inom olika verksamheter (enstaka färdtjänstresor, omsorgsresor, patientresor, arbetssökandes resor, med mera). • tillfälliga transporter/resor för brukare, elever etc. samt för logikostnader i samband med dessa. • Kostnader för transport av varor och material. • kostnader för flyttning, t.ex. av verksamhet från en arbetsplats till en annan. Transportkostnader/resor, ej anställda och förtroendevalda efterfrågas av SCB i RS. Bokför inte på kontot • Resebidrag, där mottagaren själv betalar resekostnaden till tredje part, redovisas på konto 4519 Övriga bidr","Transportkostnader/resor, ej anställda och förtroendevalda",""
"a705","705","Resekostnader, anställda och förtroendevalda","liability_non_current",False,"På detta konto redovisas kostnader i samband med anställdas och förtroendevaldas resor i tjänsten. Hit förs kostnader som kommunen reglerar direkt med transportföretag eller resebyrå där fakturor är ställda till kommunen. Även kostnader som uppkommer i samband med tjänsteresa, vilka styrkts med till kommunen överlämnade fakturor/kvitton, ska bokföras här. Kontot kan underindelas, bland annat för att underlätta besvarande av förfrågningar från Skatteverket, enligt följande: • Biljetter, inklusive lokala resor med buss och taxi • Hotell och logi, Sverige • Hotell och logi, utlandet • Övriga resekostnader Bokför inte på kontot • Bilersättningar utgör en kostnadsersättning och redovisas på konto 552 Bilersättningar. • Bilhyra i samband med t.ex. resa till utbildningar utgör korttidshyra och redovisas på konto 695 Operationell leasing/hyra av bilar och andra transportmedel.","Resekostnader, anställda och förtroendevalda",""
"a710","710","Representation","liability_non_current",False,"På detta konto redovisas kostnader för representation som har direkt samband med kommunens verksamhet. Representationskostnader som debiteras detta konto ska vara ett uttryck för sedvanlig gästfrihet i form av värdskap till exempel i samband med vänortsbesök. De kostnader som kan förekomma kan avse mat, dryck, betjäning, hotellrum, teaterbiljetter, biljetter till sportevenemang och dylikt. Kontot kan vid behov underindelas. Bokför inte på kontot • Representation som riktar sig till kommunens anställda redovisas på konto 711 Personalrepresentation.","Representation",""
"a711","711","Personalrepresentation","liability_non_current",False,"På detta konto redovisas kostnader för representation för anställda samt kommunens egna förtroendevalda i samband med informationsmöten och andra möten samt personalfester o.d. Det kan exempelvis röra sig om kostnader för lunch, middag eller enklare förtäring samt olika kringkostnader, t.ex. teaterbiljetter för aktiviteter i samband representationstillfället. Här redovisas även t.ex. minnesgåvor, jubileumsgåvor och julgåvor till anställda. För att underlätta uppföljning av olika typer av personalrepresentation kan en ytterligare uppdelning på underkonto gö-ras. Bokför inte på kontot •Inköp till verksamheten av färdiglagade måltider och tjänster för mål-tidsproduktion från externa producenter redovisas på konto 746 Måltider. •Inköp av t.ex. kaffe, fruktkorgar och liknande till personalen som utgör personalvårdsförmån redovisas på konto 644 Livsmedel. •Gåvor till anställda som inte utgör minnesgåva, jubileumsgåva eller julgåva redovisas på det konto där kostnaden hör hemma, en gåva i for","Personalrepresentation",""
"a722","722","Annonsering","liability_non_current",False,"På detta konto redovisas kostnader för reklam- och informationsannonser, omfattande kostnader både för framställning och införande i dagspress, populärpress, fackpress, kataloger, program eller annan media (t.ex. digitalt). På kontot redovisas även kostnader för platsannonser i samband med rekrytering av personal.","Annonsering",""
"a723","723","Reklam och information","liability_non_current",False,"På detta konto redovisas kostnader för framställning och extern distribution (ej kommunens kostnader för allmän postbefordran) av reklam- och informationsbroschyrer, kataloger och liknande. Jämför även med konto 655 Trycksaker.","Reklam och information",""
"a731","731","Försäkringspremier","liability_non_current",False,"På detta konto redovisas försäkringspremier som kommunen betalar till försäkringsbolag omfattande brand-, avbrotts-, vattenskade-, fordons-, maskin-, ansvars-, stöldförsäkringar etc. Försäkringspremier efterfrågas av SCB i RS. Bokför inte på kontot • På detta konto redovisas ej försäkringar för anställda, det görs i kontogrupp 56, Sociala avgifter enligt lag och avtal.","Försäkringspremier",""
"a732","732","Självrisker","liability_non_current",False,"På detta konto redovisas kostnader för självrisker vid uppkommen skada. Självrisker efterfrågas av SCB i RS.","Självrisker",""
"a733","733","Larm och bevakning","liability_non_current",False,"På kontot redovisas kostnader för larmutrustning (inkl. personal- och överfallslarm) och för bevakning av lokaler och anläggningar samt kostnader vid automatlarm. Även kostnader för personskydd redovisas här liksom kostnader för t.ex. ordningsvakter och trygghetsvärdar. Kontot kan vid behov underindelas för att särredovisa kostnader för material respektive tjänster. Konto 733 Larm och bevakning särredovisas i RS tillsammans med konto 734 Brandskydd samt konto 765 Avgifter för kurser. Bokför inte på kontot • Trygghetslarm för brukare redovisas på konto 749 Övriga främmande tjänster.","Larm och bevakning",""
"a734","734","Brandskydd","liability_non_current",False,"På kontot redovisas kostnader för brandskyddsutrustning och brandsyner. Kontot kan vid behov underindelas för att särredovisa kostnader för material resp. tjänster.","Brandskydd",""
"a735","735","Kundförluster","liability_non_current",False,"På detta konto redovisas kommunens kostnader i samband med att vissa kunder inte betalar sina avgifter, det vill säga förluster på kundfordringar i kontogrupp 15. En konstaterad kundförlust är alltid odiskutabel medan befarade kundförluster alltid måste grundas på en bedömning. Detta gäller särskilt då avgifterna är mervärdesskattepliktiga. Om en kundförlust befaras debiteras konto 735 med konto 159 Värdereglering kundfordringar, som motkonto. Konstaterade kundförluster redovisas på detta konto med motbokning i kontogrupp 15 Kundfordringar. (Se konteringsanvisning till konto 159 Värdereglering av kundfordringar.) Eventuellt momsbelopp ska reduceras och debiteras konto 261–263 Utgående moms 25 %–6 %. När avskrivna kundfordringar återvinns i ett senare skede minskas (krediteras) inte kostnaderna på konto 735 Kundförluster, utan intäkterna bokförs istället på konto 365 Återvunna, tidigare avskrivna kundfordringar. I det fall kundfordringen återvinns samma år som kundförlusten redovisats å","Kundförluster",""
"a736","736","Straffavgifter med mera","liability_non_current",False,"På detta konto redovisas olika typer av straffavgifter som skadestånd, utdömda viten från t.ex. Inspektionen för vård- och omsorg eller Skolinspektionen, intrångsersättningar vid vållande av skada, straffavgift LSS och liknande. Kostnader för straffavgifter med mera efterfrågas av SCB i RS. Bokför inte på kontot • Förseningsersättning, den så kallade ”450-kronan” ska konteras på konto 761 Avgifter. • Dröjsmålsränta redovisas på konto 855 Räntekostnader för leverantörsskulder.","Straffavgifter med mera",""
"a737","737","Infriad borgen","liability_non_current",False,"Kontot används vid kontering av infriad borgen. För att underlätta besvarandet av statistiken till SCB kan kontot underindelas enligt följande: • Infriad borgen Kommunala bostadsföretag • Infriad borgen Övriga kommunala bolag • Infriad borgen Övriga bostadsföretag och föreningar • Infriad borgen Egna hem och småhus Infriad borgen efterfrågas av SCB i RS.","Infriad borgen",""
"a738","738","Förluster på kortfristiga fordringar","liability_non_current",False,"Kontot används när en förlust på kortfristiga fordringar i kontogrupp 16 kan befaras eller konstateras. Kontot debiteras för befarad förlust med konto 169 Värdereglering av diverse kortfristiga fordringar, som motkonto. Då förlusten slutligen konstateras debiteras konto 738 med fordringens nominella belopp och berört konto 161–166 krediteras. Samtidigt återförs tidigare reservering genom att konto 169 Värdereglering av diverse kortfristiga fordringar, debiteras och konto 738 krediteras. Förluster på kortfristiga fordringar efterfrågas av SCB i RS tillsammans med kostnaderna på konto 735 Kundförluster, konto 736 Straffavgifter med mera och konto 739 Övriga riskkostnader.","Förluster på kortfristiga fordringar",""
"a739","739","Övriga riskkostnader","liability_non_current",False,"Detta konto används för andra riskkostnader än som omfattas av konto 731–738. Kostnader i form av ersättning till brukare, personal och andra för material som skadats eller förstörts redovisas här i de fall ersättningen inte hanteras via försäkring. Övriga riskkostnader, tillsammans med kundförluster, straffavgifter med mera och förluster på kortfristiga fordringar, efterfrågas av SCB i RS.","Övriga riskkostnader",""
"a743","743","Administrativa tjänster","liability_non_current",False,"På kontot redovisas kostnader för administrativa tjänster som exempelvis elektronisk fakturahantering (skanning), inkassotjänster, kreditupplysningstjänster, IT-drift, service- och supporttjänster, dataprogram, licensavgifter, statistiktjänster osv. På detta konto redovisas även avgifter och provisioner till banker och andra betalningsförmedlare som avser tjänster i samband med betalningsförmedling, valutatransaktioner med mera. Här redovisas även avgifter, provisioner m.m. till kapitalförvaltare med anledning av förvaltning av värdepapper. Vid behov kan kontot indelas i underkonton för olika typer av tjänster. Bokför inte på kontot • Förbrukningsmaterial etc som används till kommunens egen IT-utrustning, så som lagringsmedia, färgpatroner, kablar med mera redovisas på konto 654 IT-material.","Administrativa tjänster",""
"a745","745","Konsulttjänster","liability_non_current",False,"Här avses specialuppdrag som utförs av företag eller enskilda personer med specialkompetenser som inte är anställda hos kommunen. På detta konto redovisas kostnader för arvoden till konsulter för rådgivning och utredningar avseende tekniska och administrativa frågor, rekryteringstjänster, med mera. En konsult är en rådgivande specialist inom ett visst område, vanligen på kvalificerad nivå. Genom ett särskilt underkonto för revisionstjänster som köps in från revisionsbyrå underlättas uppföljningen av kostnader för räkenskapsrevision i enlighet med LKBR 9 kap 13 §. Bokför inte på kontot • Kostnader för byggkonsulter redovisas i kontogrupp 61, Fastighets- och entreprenadkostnader. • Kostnader för inhyrd personal från personaluthyrningsföretag och liknande för att täcka tillfällig arbetskraftsbrist i kommunens ordinarie verksamhet bokförs kostnaderna på 751, Inhyrd personal.","Konsulttjänster",""
"a746","746","Måltider","liability_non_current",False,"På kontot redovisas kostnader för inköp av färdiga måltider och tjänster för måltidsproduktion till kommunal verksamhet, såsom barn- och omvårdnadsverksamhet. Det rör sig alltså om måltider till barn, brukare och anhöriga. Här redovisas även kostnader för pedagogiska måltider för lärare och kostnader personalens måltider tillsammans med brukare i enlighet med beslut. På kontot redovisas även kostnader för sondmatning/näringskomplement där man ersätter en hel måltid. Bokför inte på kontot • Kostnader för livsmedel för beredning i egna kök och halvfabrikat bokförs på konto 644 Livsmedel. • Tillskott/komplement till kosten som köps via apotek (recept) bok-förs på konto 645 Läkemedel. • Kostnader för måltider i samband med externa besök, där kostnaderna kan ses som ett led i sedvanlig gästfrihet i form av värdskap, bokförs på konto 710 Representation. Representation som huvudsakligen riktar sig till kommunens anställda redovisas på konto 711 Personalrepresentation.","Måltider",""
"a747","747","Hälso- och friskvårdsrelaterade tjänster","liability_non_current",False,"På kontot redovisas sjuk-, hälso- och friskvårdsrelaterade tjänster. Kontot kan vid behov underindelas i till exempel läkarvårdsersättningar, hälsokontroller, avgifter för företagshälsovård, handledning för personal, rehabilitering, frisk-vårdsaktiviteter och fritidsaktiviteter. Bokför inte på kontot • Kostnader för läkemedel redovisas på konto 645 Laboratoriematerial, läkemedel och sjukvårdsartiklar. • Kostnader för inhyrd personal från personaluthyrningsföretag och liknande för att täcka tillfällig arbetskraftsbrist i kommunens ordinarie verksamhet bokförs kostnaderna på 751 Inhyrd personal.","Hälso- och friskvårdsrelaterade tjänster",""
"a749","749","Övriga främmande tjänster","liability_non_current",False,"På kontot redovisas övriga kostnader för främmande tjänster för vilka särskilda konton inte lagts upp i denna kontogrupp, exempelvis trygghetslarmstjänster, serviceavtal, analyskostnader, mätnings- och karttjänster, lantmäteriförrättningar samt tolktjänster. Här redovisas även kostnader vid tillfälliga köp av t.ex. kulturarrangemang. Bokför inte på kontot • Serviceavtal som avser reparation och underhåll av maskiner och inventarier redovisas på konto 660 Reparation och underhåll av inventarier. • Serviceavtal som avser administrativa tjänster redovisas på konto 743 Administrativa tjänster.","Övriga främmande tjänster",""
"a751","751","Inhyrd personal","liability_non_current",False,"Bokför inte på kontot • Specialuppdrag som utförs av företag eller enskilda personer med specialkompetenser som inte är anställda hos kommunen redovisas på konto 745 Konsulttjänster. • Kostnader för konsulter i samband med entreprenader redovisas i kontogrupp 61 Fastighets- och entreprenadkostnader.","Inhyrd personal",""
"a761","761","Avgifter","liability_non_current",False,"På detta konto redovisas kostnader för olika typer av avgifter. Med en avgift avses betalning grundad på taxa eller liknande bestämmelser. Här redovisas kostnader för förbundsavgift till Sveriges Kommuner och Regioner, SKR och medlemsavgifter till andra medlemsorganisationer. På detta konto redovisas även övriga typer av avgifter som inträden med mera. Även inkasso- och påminnelseavgiften för fakturor redovisas här. Avgifter efterfrågas av SCB i RS. Bokför inte på kontot • Dröjsmålsränta konteras på konto 855 Räntekostnader för leverantörsskulder.","Avgifter",""
"a764","764","Diverse skatter och offentliga avgifter","liability_non_current",False,"På detta konto redovisas anslutningsavgifter för fastigheter, stämpelavgifter, lösen med flera offentliga avgifter och skatter. Även andra typer av tillsyns- och prövningsavgifter redovisas här. Bokför inte på kontot • Fordonsskatt redovisas på konto 692. • Trängselskatt för egna fordon redovisas på konto 696. • Fastighetsskatt och fastighetsavgift redovisas på underkonto 6192.","Diverse skatter och offentliga avgifter",""
"a765","765","Avgifter för kurser","liability_non_current",False,"På detta konto redovisas avgifter för kurser, konferenser och utbildningar. Avgifter för kurser efterfrågas av SCB i RS tillsammans med konto 733 Larm och bevakning samt konto 734 Brandskydd. Bokför inte på kontot • Övriga kostnader i samband med utbildningen, som till exempel resekostnader (konto 705) redovisas inte här utan på sina respektive konton. Kontot kan underindelas enligt nedan:","Avgifter för kurser",""
"a7651","7651","Avgifter för kurser för anställda och förtroendevalda","liability_non_current",False,"","Avgifter för kurser för anställda och förtroendevalda",""
"a7652","7652","Avgifter för kurser för övriga","liability_non_current",False,"","Avgifter för kurser för övriga",""
"a769","769","Övriga kostnader","liability_non_current",False,"På detta konto redovisas diverse kostnader av olika slag som inte kan placeras i övriga konton inom kontogruppen. Här redovisas även differenser som uppstår på kund- respektive leverantörsskulder vid omräkning av utländsk valuta till svenska kronor på grund av att kursen på den utländska valutan under kredittiden sjunkit (vid fordringar) eller stigit (vid skulder). Kursförluster bokförs när de realiserats eller vid bokslut om orealiserade kursförluster kan konstateras utifrån balansdagens kurs. Skulder i utländsk valuta omräknas enligt växelkursen på balansdagen. Se LKBR 7 kap 9 §. Bokför inte på kontot • Kursförluster av finansiell karaktär redovisas på konto 858.","Övriga kostnader",""
"a781","781","Förlust vid avyttring och utrangering av maskiner och inventarier","liability_non_current",False,"På detta konto redovisas förlust vid avyttring och utrangering av maskiner och inventarier då försäljningsbeloppet understiger det bokförda värdet på tillgången. Vid löpande bokföring på detta konto nyttjas följande underkonton (jämför konto 381 Försäljning av maskiner och inventarier). Därefter visar kontot resultatet vid försäljningen. SCB efterfrågar i RS kostnaderna för förluster vid avyttring och utrangering av maskiner och inventarier.","Förlust vid avyttring och utrangering av maskiner och inventarier",""
"a7811","7811","Försäljningspris, maskiner och inventarier","liability_non_current",False,"På detta underkonto redovisas försäljningspriset för maskiner och inventarier i de fall försäljningsintäkten för tillgången understiger det bokförda värdet. Försäljningspriset för maskiner och inventarier efterfrågas av SCB i RS.","Försäljningspris, maskiner och inventarier",""
"a7812","7812","Bokfört värde, maskiner och inventarier","liability_non_current",False,"På detta underkonto debiteras anskaffningsvärdet av försålda tillgångar och krediteras för de ackumulerade avskrivningarna i de fall försäljningspriset för tillgången understiger det bokförda värdet. Saldot visar det bokförda värdet.","Bokfört värde, maskiner och inventarier",""
"a7813","7813","Bokfört värde vid utrangering av maskiner och inventarier","liability_non_current",False,"På detta underkonto redovisas det bokförda värdet vid utrangering.","Bokfört värde vid utrangering av maskiner och inventarier",""
"a7814","7814","Momsjustering, försäljning av maskiner och inventarier","liability_non_current",False,"På detta underkonto debiteras momsjustering vid försäljning av maskiner och inventarier i de fall försäljningspriset för tillgången understiger det bokförda värdet. Motkonto • Motkonto är 1679 Justeringsbelopp vid överlåtelse eller ändrad användning av en investeringsvara.","Momsjustering, försäljning av maskiner och inventarier",""
"a782","782","Förlust vid avyttring och utrangering av mark, byggnader och anläggningar","liability_non_current",False,"På detta konto redovisas förlust vid avyttring av fastigheter då försäljningsbeloppet understiger det bokförda värdet på tillgången. Vid löpande bokföring på detta konto används följande underkonton (jämför konto 382 Försäljning av mark, byggnader och anläggningar). Därefter visar kontot resultatet vid försäljningen. SCB efterfrågar i RS kostnaderna för förluster vid avyttring och utrangering av mark, byggnader och anläggningar.","Förlust vid avyttring och utrangering av mark, byggnader och anläggningar",""
"a7821","7821","Försäljningspris, mark, byggnader och anläggningar","liability_non_current",False,"På detta underkonto redovisas försäljningspriset för fastigheter och anläggningar i de fall försäljningspriset för tillgången understiger det bokförda värdet. Försäljningspriset för fastigheter och anläggningar efterfrågas av SCB i RS.","Försäljningspris, mark, byggnader och anläggningar",""
"a7822","7822","Bokfört värde, mark, byggnader och anläggningar","liability_non_current",False,"På detta underkonto debiteras anskaffningsvärdet av försålda tillgångar och krediteras för de ackumulerade avskrivningarna i de fall försäljningspriset för tillgången understiger det bokförda värdet. Saldot visar det bokförda värdet.","Bokfört värde, mark, byggnader och anläggningar",""
"a7823","7823","Bokfört värde vid utrangering av mark, byggnader och anläggningar","liability_non_current",False,"På detta underkonto redovisas det bokförda värdet vid utrangering.","Bokfört värde vid utrangering av mark, byggnader och anläggningar",""
"a7824","7824","Momsjustering, försäljning av byggnader och anläggningar","liability_non_current",False,"På detta underkonto debiteras momsjustering vid försäljning av byggnader och anläggningar i de fall försäljningspriset för tillgången understiger det bokförda värdet. Motkonto • Motkonto är 1679 Justeringsbelopp vid överlåtelse eller ändrad användning av en investeringsvara.","Momsjustering, försäljning av byggnader och anläggningar",""
"a784","784","Förlust vid avyttring och utrangering av immateriella anläggningstillgångar","liability_non_current",False,"På detta konto redovisas förlust vid avyttring och utrangering av immateriella anläggningstillgångar. Förluster vid avyttring av finansiella anläggningstillgångar i kontogrupp 13 redovisas på konto 851 Förlust vid avyttring och värdering, finansiella anläggningstillgångar. Vid löpande bokföring på detta konto används följande underkonton. Därefter visar kontot resultatet av försäljningen. SCB efterfrågar i RS kostnaderna för förluster vid avyttring av övriga tillgångar.","Förlust vid avyttring och utrangering av immateriella anläggningstillgångar",""
"a7841","7841","Försäljningspris, immateriella anläggningstillgångar","liability_non_current",False,"På detta underkonto redovisas försäljningspriset för immateriella anläggningstillgångar, i de fall försäljningspriset för tillgången understiger det bokförda värdet.","Försäljningspris, immateriella anläggningstillgångar",""
"a7842","7842","Bokfört värde,  immateriella anläggningstillgångar","liability_non_current",False,"På detta underkonto debiteras anskaffningsvärdet av försålda tillgångar och krediteras för de ackumulerade avskrivningarna i de fall försäljningspriset för tillgången understiger det bokförda värdet. Saldot visar det bokförda värdet.","Bokfört värde,  immateriella anläggningstillgångar",""
"a7843","7843","Bokfört värde vid utrangering av immateriella anläggningstillgångar","liability_non_current",False,"På detta underkonto redovisas det bokförda värdet vid utrangering av immateriella anläggningstillgångar.","Bokfört värde vid utrangering av immateriella anläggningstillgångar",""
"a789","789","Övriga periodiseringar","liability_non_current",False,"Detta konto används för andra periodiseringar än som omfattas av konto 781–784. Övriga periodiseringar efterfrågas av SCB i RS.","Övriga periodiseringar",""
"a791","791","Avskrivning på immateriella anläggningstillgångar","liability_non_current",False,"På detta konto redovisas avskrivningar enligt plan på immateriella anläggningstillgångar, det vill säga tillgångar som redovisas i kontogrupp 10.","Avskrivning på immateriella anläggningstillgångar",""
"a792","792","Avskrivning på byggnader, anläggningar","liability_non_current",False,"På detta konto redovisas avskrivningar enligt plan på byggnader och övrig fast egendom, det vill säga anläggningstillgångar som omfattas av kontogrupp 11. Avskrivningar på byggnader och anläggningar efterfrågas av SCB i RS.","Avskrivning på byggnader, anläggningar",""
"a793","793","Avskrivning på maskiner och inventarier","liability_non_current",False,"På detta konto redovisas avskrivningar enligt plan på maskiner och inventarier, det vill säga anläggningstillgångar som omfattas av kontogrupp 12. Avskrivningar på maskiner och inventarier efterfrågas av SCB i RS.","Avskrivning på maskiner och inventarier",""
"a795","795","Nedskrivning av immateriella och materiella anläggningstillgångar","liability_non_current",False,"Kontot kan användas för nedskrivning av värdet på immateriella och materiella anläggningstillgångar då detta varaktigt gått ned. Nedskrivning ska göras med det belopp som anses erforderligt enligt god redovisningssed. Se rekommendation RKR R6 Nedskrivningar. Bokför inte på kontot • Återföring av nedskrivning av anläggningstillgångar redovisas på konto 796 Återföring av nedskrivning av anläggningstillgångar. • Värdereglering av finansiella anläggningstillgångar i kontogrupp 13, så som värdepapper och långfristiga fordringar, redovisas på underkonto 8519 Värdereglering, finansiella anläggningstillgångar. • Värdereglering av finansiella omsättningstillgångar redovisas på underkonto 8569 Värdereglering, finansiella omsättningstillgångar. Nedskrivningar av materiella anläggningstillgångar efterfrågas av SCB i RS.","Nedskrivning av immateriella och materiella anläggningstillgångar",""
"a796","796","Återföring av nedskrivning av immateriella och materiella anläggningstillgångar","liability_non_current",False,"Kontot kan användas för återföring av nedskrivning av värdet på immateriella och materiella anläggningstillgångar. Återföring av nedskrivning ska göras om skälen för nedskrivningen fallit bort. Återföring ska göras med det belopp som anses erforderligt enligt god redovisningssed. Vid behov kan kontot underindelas. Återföring av nedskrivningar av materiella anläggningstillgångar efterfrågas av SCB i RS. Bokför inte på kontot • Återföring av nedskrivning av finansiella anläggningstillgångar redovisas på underkonto 8439 Återföring av värderegleringar, finansiella anläggningstillgångar. • Återföring av värderegleringar av finansiella tillgångar som klassifi-ceras som omsättningstillgång (det vill säga är kontinuerligt föremål för köp- och försäljning) redovisas på underkonto 8469 Återföring av värderegleringar, finansiella omsättningstillgångar.","Återföring av nedskrivning av immateriella och materiella anläggningstillgångar",""
"a801","801","Allmän kommunalskatt","liability_non_current",False,"På detta konto redovisas kommunens löpande skatteintäkter under året baserade på kommunens eget skatteunderlag. Allmän kommunalskatt efterfrågas av SCB i RS. Bokför inte på kontot • Slutavräkningen för kommunalskatten redovisas på konto 805 Skatteavräkning.","Allmän kommunalskatt",""
"a805","805","Skatteavräkning","liability_non_current",False,"Här redovisas den slutavräkning som sker kollektivt för kommunsektorn. En negativ skatteavräkning, det vill säga en återbetalning av för mycket preliminärt utbetalda skatteintäkter, ska redovisas som en intäktsminskning. Skatteavräkning efterfrågas av SCB i RS. Motkonto • Positiv skatteavräkning motkonto 178 Upplupna skatteintäkter • Negativ skatteavräkning motkonto 298 Förutbetalda skatteintäkter","Skatteavräkning",""
"a8051","8051","Skatteavräkning föregående år, justeringspost","liability_non_current",False,"Skatteavräkning föregående år, justeringspost efterfrågas av SCB i RS.","Skatteavräkning föregående år, justeringspost",""
"a8052","8052","Skatteavräkning innevarande år, prognos","liability_non_current",False,"Skatteavräkning innevarande år, prognos efterfrågas av SCB i RS.","Skatteavräkning innevarande år, prognos",""
"a808","808","Mellankommunal kostnadsutjämning","liability_non_current",False,"På detta konto redovisas den mellankommunala kostnadsutjämning som sammanhänger med att kommunerna skatteväxlat med landsting/region vid övertagande av verksamhet. Om kommunens kostnader inte täcks av skatteintäkterna vid växlingen bokförs det utjämningsbelopp som kommunen erhåller som en intäkt. Erhåller kommunen högre intäkter vid skatteväxlingen än som motsvarar kostnaden skall det belopp som utbetalas för att utjämna skillnaden redovisas som en kostnadsminskning av skatteväxlingsintäkterna på detta konto. Mellankommunal kostnadsutjämning efterfrågas av SCB i RS.","Mellankommunal kostnadsutjämning",""
"a809","809","Övriga skatter","liability_non_current",False,"Här redovisas eventuella övriga skatteintäkter för vilka särskilt konto inte lagts upp i denna kontogrupp. Det gäller t.ex. i de fall begravningsavgift tas upp av kommunen istället för av Svenska Kyrkan. Övriga skatter efterfrågas av SCB i RS.","Övriga skatter",""
"a821","821","Inkomstutjämningsbidrag","liability_non_current",False,"Här redovisas det bidrag som utbetalas till de kommuner som har ett eget skatteunderlag som understiger den garanterade nivån i inkomstutjämningen. Inkomstutjämningsbidrag efterfrågas av SCB i RS.","Inkomstutjämningsbidrag",""
"a822","822","Strukturbidrag","liability_non_current",False,"Här redovisas det strukturbidrag som ingår i utjämningssystemet. Strukturbidrag efterfrågas av SCB i RS.","Strukturbidrag",""
"a823","823","Införandebidrag","liability_non_current",False,"Här redovisas det införandebidrag som ingår i utjämningssystemet. Införandebidrag efterfrågas av SCB i RS.","Införandebidrag",""
"a824","824","Regleringsbidrag","liability_non_current",False,"Här redovisas det regleringsbidrag som staten betalar ut. Regleringsbidrag efterfrågas av SCB i RS.","Regleringsbidrag",""
"a825","825","Kostnadsutjämningsbidrag","liability_non_current",False,"Här redovisas det kostnadsutjämningsbidrag som ingår i utjämningssystemet. Kostnadsutjämningsbidrag efterfrågas av SCB i RS.","Kostnadsutjämningsbidrag",""
"a826","826","Bidrag för LSS-utjämning","liability_non_current",False,"Här redovisas det kostnadsutjämningsbidrag som ingår i LSS-utjämningen. Bidrag för LSS-utjämning efterfrågas av SCB i RS.","Bidrag för LSS-utjämning",""
"a828","828","Kommunal fastighetsavgift","liability_non_current",False,"Här redovisas regleringar av kommunala fastighetsavgifter. Kontot kan underindelas i underkonton enligt följande: • Justeringspost, fastighetsavgift föregående år • Prognos, fastighetsavgift innevarande år Kommunal fastighetsavgift efterfrågas av SCB i RS. Motkonto • Fordringar avseende kommunala fastighetsavgifter motbokas på konto 165 Fordringar hos staten.","Kommunal fastighetsavgift",""
"a829","829","Generella bidrag från staten","liability_non_current",False,"Här redovisas eventuellt förekommande generella bidrag från staten som inte ingår i utjämningssystemen eller inte klassificeras som riktade bidrag eller kostnadsersättningar. Generella bidrag från staten efterfrågas av SCB i RS.","Generella bidrag från staten",""
"a831","831","Inkomstutjämningsavgift","liability_non_current",False,"Här redovisas den avgift kommuner betalar som har ett eget skatteunderlag som överstiger den garanterade nivån i inkomstutjämningen. Inkomstutjämningsavgifter efterfrågas av SCB i RS.","Inkomstutjämningsavgift",""
"a834","834","Regleringsavgift","liability_non_current",False,"Här redovisas den regleringsavgift som staten tar in. Regleringsavgifter efterfrågas av SCB i RS.","Regleringsavgift",""
"a835","835","Kostnadsutjämningsavgift","liability_non_current",False,"Här redovisas den kostnadsutjämningsavgift som ingår i utjämningssystemet. Kostnadsutjämningsavgifter efterfrågas av SCB i RS.","Kostnadsutjämningsavgift",""
"a836","836","Avgift till LSS-utjämningen","liability_non_current",False,"Här redovisas det kostnadsutjämningsbidrag som ingår i LSS-utjämningen. Avgifter till LSS-utjämningen efterfrågas av SCB i RS.","Avgift till LSS-utjämningen",""
"a841","841","Utdelning på aktier och andelar","liability_non_current",False,"På detta konto redovisas utdelning på aktier och andelar. Om både aktier i utomstående företag och koncernföretag förekommer bör kontot underindelas. Alternativt utnyttjas annan koddel för motpart. Utdelning på aktier och andelar efterfrågas av SCB i RS.","Utdelning på aktier och andelar",""
"a8411","8411","Utdelning på aktier och andelar i kommunala koncernföretag","liability_non_current",False,"Utdelning på aktier och andelar i kommunala koncernföretag efterfrågas av SCB i RS.","Utdelning på aktier och andelar i kommunala koncernföretag",""
"a8412","8412","Utdelning på aktier och andelar i andra företag","liability_non_current",False,"Här redovisas utdelning på aktier och andelar från företag som inte är kommunala koncernföretag. Även s.k. överskottsutdelning, dvs. ränta och återbäring från Kommuninvest ekonomisk förening, redovisas här.","Utdelning på aktier och andelar i andra företag",""
"a843","843","Försäljning och värdering, finansiella anläggningstillgångar","liability_non_current",False,"På detta konto redovisas finansiella intäkter vid värdering eller avyttring av finansiella anläggningstillgångar. Kontot används i samband med bokslut i de fall försäljningsintäkten för avyttrad anläggningstillgång överstiger det bokförda värdet. Vid försäljning krediteras försäljningsintäkten detta konto. Kontot debiteras, vid försäljningstillfället, med det bokförda värdet. Kontot kan användas för återföring av nedskrivning av värdet på finansiella anläggningstillgångar. Återföring av nedskrivning ska göras om skälen för nedskrivningen fallit bort. Återföring ska göras med det belopp som anses erforderligt enligt god redovisningssed. Finansiella instrument som innehas för att ge avkastning eller värdestegring ska värderas till verkligt värde i enlighet med LKBR 7 kap. 6–7 §§. Vid innehav av finansiella instrument som ska värderas till verkligt värde och utgör anläggningstillgång kan ett särskilda underkonton läggas upp i enlighet med konto 846. Exempel på sådana tillgångar är kapital","Försäljning och värdering, finansiella anläggningstillgångar",""
"a8431","8431","Försäljningspris, finansiella anläggningstillgångar","liability_non_current",False,"På detta konto redovisas försäljningspriset för värdepapper, andelar och bostadsrätter i de fall försäljningsintäkten för tillgången överstiger det bokförda värdet. Försäljningspriset för finansiella anläggningstillgångar efterfrågas av SCB i RS.","Försäljningspris, finansiella anläggningstillgångar",""
"a8432","8432","Bokfört värde, finansiella anläggningstillgångar","liability_non_current",False,"På detta konto debiteras det bokförda värdet av försålda tillgångar i de fall försäljningsintäkten för tillgången överstiger det bokförda värdet.","Bokfört värde, finansiella anläggningstillgångar",""
"a8439","8439","Återföring av värderegleringar, finansiella anläggningstillgångar","liability_non_current",False,"Här redovisas återföring av nedskrivningar på finansiella anläggningstillgångar som följer av värdering enligt lägsta värdets princip. Motkonton • Vid återföring av nedskrivning av finansiella anläggningstillgångar krediteras underkonto 8439 och som motkonto debiteras värderegleringskonto 1329, 1339, 1349, 1359, 1379 eller 1389 beroende på tillgångsslag.","Återföring av värderegleringar, finansiella anläggningstillgångar",""
"a844","844","Ränteintäkter","liability_non_current",False,"På detta konto redovisas ränteintäkter avseende banktillgodohavanden, lånefordringar, obligationer med mera. Även statliga räntebidrag redovisas på detta konto. Om kommunen har utlåning till koncernföretag bör kontot underindelas. Alternativt utnyttjas koddelen motpart i intervallet för extern motpart, kommunägda företag (5–7). Ränteintäkter efterfrågas av SCB i RS. Bokför inte på kontot • Ränteintäkter på kundfordringar redovisas på konto 845. • Vinst vid avyttring av finansiella instrument (omsättningstillgång) redovisas på konto 846 Försäljning och värdering, finansiella omsättningstillgångar. • Vid negativ intäktsränta/ersättning på banktillgodohavanden, se konto 852 Räntekostnader.","Ränteintäkter",""
"a8441","8441","Ränta på utlåning till koncernföretag","liability_non_current",False,"","Ränta på utlåning till koncernföretag",""
"a845","845","Ränteintäkter på kundfordringar","liability_non_current",False,"På detta konto redovisas erhållna dröjsmålsräntor på kundfordringar. Ränteintäkter från koncernföretag kan särskiljas genom att utnyttja koddelen för motpart avseende extern motpart, kommunägda företag (5–7). Ränteintäkter på kundfordringar efterfrågas av SCB i RS.","Ränteintäkter på kundfordringar",""
"a846","846","Försäljning och värdering, finansiella omsättningstillgångar","liability_non_current",False,"På detta konto redovisas finansiella intäkter från finansiella omsättningstillgångar som t.ex. vinster vid försäljning och orealiserade vinster vid värdering till verkligt värde samt återföring av värderegleringar. Värdering av finansiella omsättningstillgångar, vilka kontinuerligt är föremål för köp- och försäljning, behandlas i rekommendation RKR R7 Finansiella tillgångar och finansiella skulder. För att underlätta framtagande av kassaflödesanalys bör kontot delas upp på försäljningspris respektive bokfört värde enligt förslag nedan. Uppdelningen underlättar även beräkningen av balanskravsresultatet där orealiserade vinster och förluster ska undantas. Finansiella instrument som innehas för att ge avkastning eller värdestegring ska värderas till verkligt värde i enlighet med LKBR 7 kap. 6–7 §§. Orealiserade vinster på sådana finansiella instrument som utgör omsättningstillgångar redovisas på särskilt underkonto, 8468, och debiteras respektive värderegleringskonto i kontogrupp 18. Kont","Försäljning och värdering, finansiella omsättningstillgångar",""
"a8461","8461","Försäljningspris, finansiella omsättningstillgångar","liability_non_current",False,"","Försäljningspris, finansiella omsättningstillgångar",""
"a8462","8462","Bokfört värde, finansiella omsättningstillgångar","liability_non_current",False,"","Bokfört värde, finansiella omsättningstillgångar",""
"a8468","8468","Orealiserade vinster (verkligt värde), finansiella omsättningstillgångar","liability_non_current",False,"","Orealiserade vinster (verkligt värde), finansiella omsättningstillgångar",""
"a8469","8469","Återföring av nedskrivningar, finansiella omsättningstillgångar (LVP)","liability_non_current",False,"På detta konto redovisas återföring av nedskrivning av finansiella omsättningstillgångar som i enlighet med LKBR 7 kap 1, 4 och 7 § värderas enligt lägsta värdets princip (LVP). Återföring av nedskrivningen ska göras om skälen för nedskrivningen fallit bort. Bokför inte på kontot • Nedskrivning av finansiella omsättningstillgångar redovisas på underkonto 8569 Värdereglering, finansiella omsättningstillgångar. Motkonto • Vid återföring debiteras respektive värderegleringskonto i kontogrupp 18.","Återföring av nedskrivningar, finansiella omsättningstillgångar (LVP)",""
"a848","848","Valutakursvinster","liability_non_current",False,"På detta konto redovisas sådana differenser som uppstår vid omräkning av utländsk valuta till svenska kronor på grund av att kursen på den utländska valutan under kredittiden stigit (vid fordringar) eller sjunkit (vid skulder). Kontot används löpande för både orealiserade samt realiserade kursvinster av finansiell karaktär, det vill säga kursvinster som avser upplånade eller utlånade medel när betalning ska ske i utländsk valuta. Kursvinster bokförs när de realiserats eller vid bokslut om orealiserade kursvinster kan konstateras utifrån balansdagens kurs. Skulder i utländsk valuta omräknas enligt växelkursen på balansdagen. Se LKBR 7 kap 9 §. Se även anvisningar till konto 858 Valutakursförluster, och konto 243 Kortfristiga lån i utländsk valuta respektive 2342 Lån i utländsk valuta. Bokför inte på kontot • För kursvinster avseende rörelsekaraktär (kundfordringar/leverantörsskulder), se konto 369 Övriga ersättningar och intäkter.","Valutakursvinster",""
"a8481","8481","Realiserade valutakursvinster","liability_non_current",False,"Realiserade valutakursvinster efterfrågas av SCB i RS.","Realiserade valutakursvinster",""
"a8482","8482","Orealiserade valutakursvinster","liability_non_current",False,"Orealiserade valutakursvinster efterfrågas av SCB i RS.","Orealiserade valutakursvinster",""
"a849","849","Övriga finansiella intäkter","liability_non_current",False,"På detta konto redovisas kommunens finansiella intäkter för vilka särskilda konton ej lagts upp i denna kontogrupp, t.ex. medel från överskottsfond i pensionsförsäkringar. (Se RKR:s information, Redovisning av överskottsmedel i pensionsförsäkringar.) Övriga finansiella intäkter efterfrågas av SCB i RS.","Övriga finansiella intäkter",""
"a8491","8491","Kommunal borgensavgift","liability_non_current",False,"På detta konto redovisas intäkter av kommunal borgensavgift. Kommunal borgensavgift efterfrågas av SCB i RS.","Kommunal borgensavgift",""
"a851","851","Förlust vid avyttring och värdering, finansiella anläggningstillgångar","liability_non_current",False,"På detta konto redovisas finansiella kostnader vid värdering eller avyttring av finansiella anläggningstillgångar. Kontot används i samband med bokslut i de fall försäljningsintäkten för avyttrad anläggningstillgång understiger det bokförda värdet. Vid försäljning krediteras försäljningsintäkten detta konto. Kontot debiteras, vid försäljningstillfället med det bokförda värdet. Finansiella instrument som innehas för att ge avkastning eller värdestegring ska värderas till verkligt värde i enlighet med LKBR 7 kap. 6–7 §§. Vid innehav av finansiella instrument som ska värderas till verkligt värde och utgör anläggningstillgång kan ett särskilt underkonto läggas upp i enlighet med konto 856. Exempel på sådana tillgångar är kapitalförsäkringar för pensioner till anställda och förtroendevalda (se informationen från RKR - Redovisning av kapitalförsäkringar i samband med direktpension till förmån för anställda och förtroendevalda). För att underlätta framtagande av kassaflödesanalys bör kontot d","Förlust vid avyttring och värdering, finansiella anläggningstillgångar",""
"a8511","8511","Försäljningspris, finansiella anläggningstillgångar","liability_non_current",False,"På detta underkonto redovisas försäljningspriset för värdepapper, andelar och bostadsrätter i de fall försäljningspriset för tillgången understiger det bokförda värdet. Försäljningspriset för värdepapper med mera efterfrågas av SCB i RS.","Försäljningspris, finansiella anläggningstillgångar",""
"a8512","8512","Bokfört värde, finansiella anläggningstillgångar","liability_non_current",False,"På detta underkonto debiteras anskaffningsvärdet av försålda tillgångar och krediteras för eventuell nedskrivning i de fall försäljningspriset för tillgången understiger det bokförda värdet. Saldot visar det bokförda värdet.","Bokfört värde, finansiella anläggningstillgångar",""
"a8519","8519","Värdereglering, finansiella anläggningstillgångar","liability_non_current",False,"Här redovisas nedskrivningar på finansiella anläggningstillgångar som följer av värdering enligt lägsta värdets princip.","Värdereglering, finansiella anläggningstillgångar",""
"a852","852","Räntekostnader","liability_non_current",False,"På detta konto redovisas låneräntor på kort- och långfristig upplåning och räntekostnader som avser kommunens kreditutnyttjande som ränta på kontokredit med mera. Kreditavgifter i samband med kontokredit behandlas som räntekostnader. Här redovisas även räntekostnader på leasingskuld. Om kommunen har upplåning från koncernföretag bör kontot underindelas. Alternativt utnyttjas koddelen motpart i intervallet för externa motparter, kommunägda företag (5–7). Vid s.k. negativ ränta redovisas på detta konto både erlagd ränta/ersättning på banktillgodohavanden mm samt erhållen ränta/ersättning för upplånade medel. Räntor på lån efterfrågas av SCB i RS. Bokför inte på kontot • Räntekostnader på leverantörsskulder redovisas på konto 855 Räntekostnader för leverantörsskulder. • Ränta på pensionsavsättning redovisas på konto 853 Finansiell kostnad, förändring av pensionsavsättningar. • Finansiell kostnad vid indexuppräkning av avsättningar redovisas på konto 859 Övriga finansiella kostnader.","Räntekostnader",""
"a8521","8521","Ränta på upplåning från koncernföretag","liability_non_current",False,"","Ränta på upplåning från koncernföretag",""
"a853","853","Finansiell kostnad, förändring av pensionsavsättningar","liability_non_current",False,"På detta konto redovisas den del av den blandmodellens pensionskost-nader som definieras som finansiell kostnad (t.ex. ränte- och basbeloppsuppräkningar samt effekt av ändrad diskonteringsränta). Denna del av ökningen utgör en kostnad som debiteras detta konto med konto 221 Avsättningar för pensioner och liknande förpliktelser, respektive konto 222 Avsättning för särskild avtalspension, visstidspension och liknande som motkonto. Finansiell kostnad för pensionsavsättning efterfrågas av SCB i RS. Bokför inte på kontot • Övrig förändring av pensionsavsättningen redovisas på underkonto 5721 Förändring av pensionsavsättningar, respektive 5722 Förändring av avsättning för särskild avtalspension, visstidspension och liknande. • Utbetalningar av pensioner redovisas på konto 573 Pensionsutbetalningar. • Särskild löneskatt på avsättning för pensioner, även den som grundar sig på finansiell kostnad, redovisas på konto 5635.","Finansiell kostnad, förändring av pensionsavsättningar",""
"a855","855","Räntekostnader för leverantörsskulder","liability_non_current",False,"På detta konto redovisas utbetalda dröjsmålsräntor som avser leverantörsskulder. Räntekostnader till koncernföretag ska kunna särskiljas, antingen genom underindelning av kontot eller genom att annan koddel (motpart) utnyttjas. Räntekostnader för leverantörsskulder efterfrågas av SCB i RS.","Räntekostnader för leverantörsskulder",""
"a856","856","Förlust vid avyttring och värdering, finansiella omsättningstillgångar","liability_non_current",False,"På detta konto redovisas finansiella kostnader från finansiella omsättningstillgångar som t.ex. förluster vid försäljning och orealiserade förluster på finansiella instrument som värderas till verkligt värde samt nedskrivningar av tillgångar som värderas enligt lägsta värdets princip. Nedskrivning av finansiella omsättningstillgångar, vilka kontinuerligt är föremål för köp- och försäljning, behandlas i rekommendation RKR R7 Finansiella tillgångar och finansiella skulder. För att underlätta framtagande av kassaflödesanalys bör kontot delas upp på försäljningspris respektive bokfört värde enligt förslag nedan. Uppdelningen underlättar även beräkningen av balanskravsresultatet där orealiserade vinster och förluster ska undantas. Finansiella instrument som innehas för att ge avkastning eller värdestegring ska värderas till verkligt värde i enlighet med LKBR 7 kap. 6–7 §§. Orealiserade förluster på sådana finansiella instrument som utgör omsättningstillgångar redovisas på särskilt underkont","Förlust vid avyttring och värdering, finansiella omsättningstillgångar",""
"a8561","8561","Försäljningspris, finansiella omsättningstillgångar","liability_non_current",False,"","Försäljningspris, finansiella omsättningstillgångar",""
"a8562","8562","Bokfört värde, finansiella omsättningstillgångar","liability_non_current",False,"","Bokfört värde, finansiella omsättningstillgångar",""
"a8568","8568","Orealiserade förluster (verkligt värde), finansiella omsättningstillgångar","liability_non_current",False,"","Orealiserade förluster (verkligt värde), finansiella omsättningstillgångar",""
"a8569","8569","Nedskrivning, finansiella omsättningstillgångar (LVP)","liability_non_current",False,"På detta konto redovisas nedskrivning av finansiella omsättningstillgångar som i enlighet med LKBR 7 kap 1, 4 och 7 § värderats enligt lägsta värdets princip. Bokför inte på kontot: • Återföring av nedskrivning av finansiella omsättningstillgångar redovi-sas på underkonto 8469 Återföring av nedskrivningar, finansiella omsättningstillgångar. Motkonto • Nedskrivningen krediteras respektive värderegleringskonto i kontogrupp 18.","Nedskrivning, finansiella omsättningstillgångar (LVP)",""
"a858","858","Valutakursförluster","liability_non_current",False,"På detta konto redovisas sådana differenser som uppstår vid omräkning av utländsk valuta till svenska kronor på grund av att kursen på den utländska valutan under kredittiden sjunkit (vid fordringar) eller stigit (vid skulder). Kontot används för kursförluster av finansiell karaktär, det vill säga för kursförluster som avser upplånade eller utlånade medel i utländsk valuta. Kursförluster bokförs när de realiserats eller vid bokslut om kursförluster kan konstateras utifrån balansdagens kurs. Skulder i utländsk valuta omräknas enligt växelkursen på balansdagen. Se LKBR 7 kap 9 §. Se även anvisningar till konto 848 Valutakursvinster, och konto 243 Kortfristiga lån i utländsk valuta, respektive 2342 Lån i utländsk valuta. Bokför inte på kontot • Kursförluster avseende rörelsekaraktär (kundfordringar/leverantörsskulder) redovisas på konto 769.","Valutakursförluster",""
"a8581","8581","Realiserade valutakursförluster","liability_non_current",False,"Realiserade valutakursförluster efterfrågas av SCB i RS.","Realiserade valutakursförluster",""
"a8582","8582","Orealiserade valutakursförluster","liability_non_current",False,"Orealiserade valutakursförluster efterfrågas av SCB i RS.","Orealiserade valutakursförluster",""
"a859","859","Övriga finansiella kostnader","liability_non_current",False,"På detta konto redovisas kommunens finansiella kostnader för vilka särskilda konton ej lagts upp i denna kontogrupp. Här redovisas t.ex. finansiella kostnader vid nuvärdesberäkning av avsättningar. Övriga finansiella kostnader efterfrågas av SCB i RS. Bokför inte på kontot • Förändring beroende på indexuppräkning ska bokföras på det konto där avsättningen normalt skulle bokförts som kostnad.","Övriga finansiella kostnader",""
"a870","870","Extraordinära intäkter","liability_non_current",False,"Kontot används för redovisning av extraordinära intäkter. Eftersom extraordinära intäkter enligt reglerna ska specificeras kan särskilda konton eller underkonton läggas upp.","Extraordinära intäkter",""
"a880","880","Extraordinära kostnader","liability_non_current",False,"Kontot används för redovisning av extraordinära kostnader. Eftersom extraordinära kostnader enligt reglerna ska specificeras kan särskilda konton eller underkonton läggas upp.","Extraordinära kostnader",""
"a890","890","Årets resultat","liability_non_current",False,"På detta konto redovisas saldot av samtliga intäkter och kostnader. Bokföringen på kontot sker i samband med bokslutet. Årets resultat efterfrågas av SCB i RS. Motkonto • Konto 202 Årets resultat","Årets resultat",""
